Recency,Frequency,Monetary,Cluster
326,1,77183.6,0
2,7,4310.0,3
75,4,1797.24,3
19,1,1757.55,3
310,1,334.4,1
36,8,2506.04,3
204,1,89.0,1
232,1,1079.4,1
214,1,459.4,1
23,3,2811.43,3
33,1,6207.67,3
2,2,1168.06,3
58,4,6372.58,3
52,3,2662.06,3
287,1,189.9,1
3,10,5226.23,3
110,2,552.0,3
8,4,1313.1,3
291,2,641.38,1
4,1,168.9,3
51,4,3545.69,3
45,2,1887.96,3
72,3,1298.04,3
311,1,364.6,1
25,1,742.9300000000001,3
11,2,457.5,3
315,2,1628.12,1
130,1,4008.62,3
82,2,852.24,3
22,4,2724.81,3
5,5,1845.31,3
185,5,1850.56,1
29,2,585.27,3
338,2,401.9,1
16,6,2780.66,3
80,1,549.84,3
22,1,460.89,3
72,4,1582.6,3
64,2,1272.48,3
19,12,3018.63,3
36,2,2409.9,3
46,1,1635.66,3
119,4,1108.65,3
303,1,84.3,1
323,1,225.6,1
50,1,427.7,3
149,1,1710.39,1
22,2,3415.3,3
50,5,1708.12,3
33,5,2888.55,3
79,3,11072.67,3
309,2,693.3299999999999,1
75,3,1226.88,3
67,3,758.1,3
217,3,562.41,1
24,21,124914.53,2
3,9,3649.1,3
113,1,668.58,3
64,1,600.39,3
16,4,807.04,3
96,3,803.5600000000001,3
1,8,1859.31,3
163,2,1760.96,1
78,1,777.2,3
195,1,582.73,1
22,3,825.8,3
26,9,7956.46,3
9,4,3750.4,3
43,1,256.4,3
36,15,6487.45,0
43,5,5059.32,3
1,7,13375.87,3
85,2,806.14,3
80,2,7829.89,3
100,1,509.01,3
2,18,4951.41,0
14,2,2906.85,3
367,1,173.55,1
3,1,172.06,3
21,5,5005.46,3
22,1,133.4,3
58,1,1002.31,3
243,1,476.49,1
44,1,449.45,3
22,4,4067.29,3
156,2,197.88,1
11,5,9035.52,3
17,2,430.57,3
134,1,707.09,3
56,1,3528.34,3
73,6,2466.86,3
44,3,3181.04,3
66,7,2363.23,3
71,2,947.4,3
94,2,826.88,3
19,2,1189.59,3
53,4,1344.78,3
10,8,1212.05,3
17,2,742.1899999999999,3
188,2,729.5400000000001,1
2,30,19824.05,0
32,7,6572.11,3
29,5,3938.55,3
17,18,7375.79,0
54,1,723.38,3
16,11,6816.42,3
23,6,13219.74,3
4,1,680.99,3
11,1,527.2,3
28,4,3281.63,3
23,10,5596.32,3
17,8,2484.98,3
33,6,4541.72,3
10,3,1298.66,3
336,1,334.93,1
5,10,5417.93,3
39,1,460.4,3
63,2,263.21000000000004,3
166,2,433.74,1
16,7,1246.1,3
82,1,1043.1,3
21,3,403.7000000000001,3
23,11,4257.82,3
337,1,2169.39,1
96,5,3723.87,3
18,2,482.05,3
233,1,73.5,1
134,3,1304.81,3
26,2,398.27,3
284,1,176.5,1
143,2,982.57,3
66,2,138.03,3
113,1,612.29,3
267,1,1017.68,1
353,1,383.7,1
78,2,1312.06,3
28,5,2502.84,3
1,5,2056.89,3
64,1,340.84,3
79,5,2634.26,3
143,1,599.68,3
39,2,192.72,3
19,11,1789.77,3
9,8,4485.72,3
1,3,1316.66,3
82,3,348.71000000000004,3
9,6,1933.48,3
60,4,1662.28,3
15,1,125.22,3
30,1,349.83000000000004,3
131,1,1089.18,3
92,2,716.35,3
43,3,12601.830000000002,3
29,1,363.95,3
22,4,5568.35,3
20,17,13400.24,0
30,3,981.18,3
36,1,372.7,3
75,2,1000.39,3
47,2,1161.5,3
198,2,207.8,1
166,1,95.2,1
79,1,964.83,3
358,1,168.0,1
39,2,437.82,3
8,10,3692.28,3
50,2,603.71,3
16,5,11990.96,3
8,1,269.96,3
311,2,561.71,1
5,3,2134.01,3
303,1,238.85,1
8,7,3781.74,3
261,1,456.9,1
289,1,145.92,1
86,1,351.65,3
23,10,9401.28,3
2,32,4124.69,0
40,2,519.61,3
9,2,1020.42,3
227,1,160.54000000000002,1
316,1,218.45,1
36,5,1315.83,3
35,3,657.8,3
21,2,2794.51,3
78,1,440.42,3
247,1,415.7,1
40,1,197.71,3
239,2,511.36,1
3,15,7281.38,0
4,9,2338.15,3
234,2,2040.1,1
17,1,196.94000000000003,3
8,1,144.0,3
39,1,214.9,3
29,2,646.68,3
211,2,9864.26,1
317,1,452.85,1
92,2,437.6,3
109,3,418.1,3
38,10,3338.2200000000003,3
51,2,618.27,3
19,4,3811.22,3
10,8,3023.08,3
29,7,1032.58,3
29,10,2599.04,3
190,5,577.0600000000001,1
59,1,153.12,3
22,1,739.1999999999999,3
79,2,254.18,3
60,1,1579.51,3
78,3,1126.85,3
23,5,2099.54,3
52,1,1193.32,3
74,1,704.0400000000001,3
57,5,3344.38,3
278,1,315.6,1
2,4,2291.19,3
95,2,713.3,3
29,1,355.53,3
22,1,177.31,3
16,9,3641.24,3
15,3,1339.41,3
2,20,13689.67,0
232,1,180.1,1
276,1,305.1,1
106,2,641.13,3
212,2,2683.82,1
23,9,6620.48,3
11,7,4478.53,3
4,3,786.46,3
10,2,1270.88,3
57,1,640.5,3
59,4,2163.98,3
90,2,1689.18,3
67,8,6021.9,3
33,1,671.69,3
239,1,486.1,1
24,3,1174.58,3
115,1,185.9,3
25,3,1013.26,3
128,6,3344.64,3
130,1,477.91,3
34,4,1775.18,3
5,2,1346.97,3
22,12,3722.82,3
155,1,318.05,1
107,3,623.51,3
3,1,314.44,3
335,1,114.0,1
331,1,919.98,1
149,2,2209.85,1
11,5,601.98,3
17,5,4051.17,3
11,4,1643.18,3
19,1,686.05,3
30,1,91.68,3
11,1,245.1,3
1,11,3849.78,3
8,9,4881.88,3
325,1,63.0,1
58,1,620.13,3
12,4,3807.15,3
151,3,2744.03,1
10,5,2996.05,3
330,1,225.9,1
5,2,610.52,3
39,4,1970.6,3
25,6,1331.39,3
42,12,17628.46,0
59,4,1113.02,3
1,4,862.81,3
15,22,13787.54,0
4,31,12288.22,0
4,15,8476.57,0
8,7,2283.63,3
28,6,2863.08,3
372,1,89.14,1
114,1,4873.81,3
26,2,1247.61,3
206,1,389.01,1
28,6,1035.8,3
127,4,855.91,3
70,2,869.67,3
7,4,582.1,3
29,3,957.59,3
8,4,4939.99,3
80,2,797.71,3
20,1,219.0,3
71,1,283.55,3
7,8,2340.84,3
15,9,6868.29,3
292,1,603.42,1
30,10,2712.91,3
15,15,9736.52,0
97,3,1149.02,3
29,13,4396.13,3
1,1,848.55,3
9,5,4708.86,3
106,1,353.86,3
4,2,1053.49,3
151,2,1030.98,1
71,1,238.25,3
5,2,644.95,3
3,25,5781.73,0
32,6,2656.13,3
85,4,997.63,3
4,5,725.07,3
5,4,1031.41,3
371,1,427.8,1
28,7,2609.1,3
11,7,3980.7,3
71,4,836.33,3
114,1,453.01,3
24,12,18895.91,0
180,1,236.26,1
234,1,383.95,1
353,1,110.4,1
315,2,779.5699999999999,1
333,1,234.0,1
372,1,155.35,1
78,2,1013.04,3
64,1,427.6,3
134,2,546.43,3
52,7,21279.29,0
2,11,4196.01,3
1,210,33719.73,2
4,5,4090.88,3
129,1,275.88,3
81,1,4366.78,3
23,6,21429.39,3
236,3,3010.74,1
281,2,3811.95,1
87,1,112.07999999999998,3
16,13,7857.1,0
117,2,2791.59,3
52,3,1531.44,3
8,2,1898.52,3
138,2,494.08,3
317,1,1693.88,1
4,7,6989.63,3
239,1,1143.6,1
211,1,1351.45,1
60,1,892.47,3
17,5,1386.04,3
20,6,822.23,3
38,8,3981.36,3
64,2,826.74,3
5,5,2330.92,3
2,6,2225.91,3
9,2,574.42,3
364,1,311.95,1
10,3,463.66,3
65,1,91.85,3
192,1,324.92,1
374,1,192.6,1
257,1,400.54,1
335,2,545.48,1
53,2,860.41,3
19,1,430.48,3
366,1,254.03,1
10,3,6977.04,3
187,1,427.58,1
37,3,483.65,3
178,1,489.31,1
261,3,514.85,1
45,1,229.64,3
102,1,125.92,3
148,2,1063.46,1
96,2,572.2,3
281,1,166.04,1
262,1,1542.08,1
3,4,942.34,3
214,1,92.72,1
71,2,948.88,3
75,5,1759.5,3
60,1,397.12,3
3,7,1474.72,3
6,3,430.15,3
3,6,1018.71,3
337,2,293.0,1
38,6,6814.64,3
262,1,215.05,1
32,2,383.03,3
145,1,417.38,1
283,1,312.38,1
59,4,2612.86,3
173,1,134.1,1
34,2,683.13,3
3,14,5591.42,0
144,4,2726.77,3
5,25,4022.35,0
70,2,1118.99,3
66,8,1702.26,3
29,2,325.96000000000004,3
267,4,354.09,1
22,1,871.54,3
31,2,1050.89,3
97,1,135.18,3
295,1,311.55,1
135,6,1957.1,3
79,3,1324.5,3
373,1,38.1,1
8,6,2179.93,3
211,2,1106.4,1
52,1,521.2,3
138,1,147.12,3
26,2,1568.23,3
283,1,559.12,1
26,7,4036.82,3
186,6,1607.0600000000002,1
84,2,380.64,3
327,2,599.97,1
282,1,374.0,1
143,2,343.2300000000001,3
58,2,2218.02,3
4,12,1535.77,3
236,2,854.99,1
45,3,573.22,3
276,1,298.0,1
9,2,1463.04,3
25,4,703.47,3
88,1,309.05,3
63,3,1175.22,3
68,2,1378.4,3
214,2,354.12,1
24,1,380.47,3
186,3,331.0,1
31,1,188.14,3
42,2,372.8,3
205,2,216.5,1
9,28,17654.54,0
265,1,138.68,1
18,2,509.58,3
12,5,2919.81,3
176,2,750.0,1
40,5,2178.67,3
23,8,3075.04,3
3,5,1662.3,3
5,5,2483.63,3
149,2,363.65,1
139,4,3006.15,3
128,1,594.0,3
8,6,1335.19,3
17,1,164.23,3
9,37,16587.09,0
161,1,405.38,1
64,1,176.97,3
88,4,933.7,3
5,2,694.05,3
35,5,2062.7000000000003,3
312,1,117.85,1
78,2,415.8,3
22,15,42055.96,0
24,3,607.53,3
2,7,2160.7,3
17,4,1063.9,3
15,4,1504.27,3
26,1,114.14,3
64,8,11581.8,3
55,2,913.54,3
131,3,683.9,3
36,2,604.51,3
288,1,462.95,1
144,6,1603.99,3
16,7,2064.95,3
31,8,4167.22,3
2,3,1843.0,3
9,6,1064.07,3
6,4,1387.79,3
10,1,329.85,3
1,11,4757.16,3
306,1,108.07,1
10,8,4017.54,3
7,2,266.39,3
8,8,1856.63,3
89,1,771.91,3
10,1,160.18,3
358,2,1660.9,1
112,1,135.95,3
7,4,452.24,3
4,86,11189.91,0
198,1,144.8,1
212,1,738.6,1
156,1,39.24,1
158,9,7374.900000000001,3
30,2,372.22,3
243,1,390.54,1
19,1,97.5,3
1,2,1239.38,3
74,2,558.7,3
292,1,535.32,1
3,15,6924.110000000001,0
31,3,409.5,3
23,2,503.76,3
23,4,414.76,3
4,3,974.42,3
85,1,211.32,3
22,4,1226.89,3
196,3,455.88,1
107,3,534.85,3
4,13,9818.82,0
318,1,120.95,1
106,3,149.05,3
12,18,5655.91,0
174,2,513.7,1
56,1,81.57,3
323,1,229.47,1
372,1,50.55,1
9,8,1661.84,3
1,13,4810.9400000000005,3
11,10,3466.28,3
53,5,3346.28,3
73,3,789.89,3
7,1,204.0,3
16,28,7277.7,0
4,9,2616.38,3
64,2,689.9,3
1,5,975.36,3
114,6,6912.0,3
23,2,661.3199999999999,3
31,3,1247.5,3
11,2,799.48,3
52,2,1010.18,3
357,1,190.55,1
55,2,642.77,3
74,2,921.88,3
138,3,881.07,3
80,3,908.46,3
9,2,676.99,3
273,1,516.42,1
291,1,560.47,1
99,1,305.28000000000003,3
31,2,629.31,3
32,10,3237.54,3
14,4,1835.91,3
64,2,656.6800000000001,3
15,17,5836.86,0
212,1,348.15000000000003,1
78,3,1214.41,3
25,3,271.40000000000003,3
250,1,183.4,1
254,1,307.53,1
72,1,248.61,3
191,1,346.98,1
13,4,1119.49,3
373,1,205.86,1
24,2,470.8,3
82,1,115.46,3
10,2,344.0,3
1,24,4436.12,0
192,1,228.8,1
267,1,177.15,1
130,1,919.61,3
1,4,729.27,3
3,26,12627.94,0
4,5,220.1,3
179,1,58.08,1
12,11,28337.38,0
126,9,3613.63,3
4,2,303.75,3
158,2,416.08,1
3,97,58825.83,2
9,14,8910.82,0
28,1,345.82,3
71,5,477.83,3
276,8,7832.47,1
21,12,1927.32,3
71,1,74.39999999999999,3
33,10,6010.42,3
1,28,28882.44,0
99,1,207.36,3
234,1,101.19,1
1,24,6424.09,0
40,1,243.94,3
3,6,1098.48,3
133,1,76.5,3
44,4,1531.62,3
373,1,350.06,1
60,2,786.54,3
31,7,1488.67,3
1,24,12245.96,0
12,4,2294.78,3
138,1,501.14,3
22,8,984.91,3
20,5,1197.81,3
239,1,30.6,1
269,1,283.73,1
94,2,922.39,3
90,3,3866.33,3
5,8,2099.64,3
78,1,259.17,3
94,1,64.0,3
23,3,1073.3,3
262,1,77.3,1
274,2,109.8,1
86,4,1793.58,3
197,1,3096.0,1
56,5,2607.61,3
11,8,3650.41,3
22,6,962.39,3
16,7,5064.94,3
108,3,423.72,3
85,5,2388.75,3
19,1,307.09,3
333,1,110.95,1
40,4,618.52,3
26,1,228.91,3
10,4,712.8000000000001,3
29,12,3707.12,3
14,4,1676.06,3
296,1,1257.87,1
6,1,486.22,3
33,4,971.76,3
49,4,1741.22,3
95,4,1201.06,3
9,4,1437.85,3
22,1,91.8,3
313,1,112.75,1
122,4,1688.29,3
46,2,1021.48,3
283,1,417.2,1
19,4,791.33,3
36,4,1319.19,3
64,2,712.88,3
27,1,116.01,3
22,3,468.41,3
4,2,353.65,3
16,3,2817.03,3
46,1,492.84,3
65,1,282.45,3
26,11,5725.47,3
45,1,121.18,3
8,9,3957.78,3
15,10,1701.29,3
268,1,71.4,1
40,3,1575.89,3
337,1,236.02,1
11,1,114.6,3
19,2,260.68,3
95,2,911.94,3
61,1,117.88,3
136,1,60.7,3
11,4,1797.78,3
10,6,3401.24,3
4,38,9817.12,0
19,4,870.09,3
10,4,869.46,3
15,2,250.26,3
59,6,1223.9,3
30,8,5891.61,3
94,1,353.48,3
10,3,1197.42,3
20,3,788.08,3
57,5,1520.58,3
268,1,333.74,1
122,3,533.98,3
127,1,62.63999999999999,3
78,4,819.2900000000001,3
240,2,847.41,1
200,2,163.20000000000002,1
60,2,2155.95,3
3,7,6463.84,3
273,1,108.21,1
202,1,257.7,1
81,1,358.0,3
226,1,160.95,1
4,14,2806.97,3
13,7,1357.6,3
74,2,605.12,3
212,1,1031.07,1
25,2,744.85,3
17,4,700.73,3
262,1,329.56,1
96,4,663.65,3
112,3,270.40000000000003,3
203,1,600.07,1
93,1,121.74,3
51,1,430.5,3
18,6,1987.3,3
18,4,501.12,3
125,2,465.68,3
92,3,711.41,3
157,2,1030.4,1
9,2,399.51,3
14,1,0.0,3
12,3,698.58,3
62,1,292.32,3
61,1,557.62,3
269,2,944.1,1
263,1,200.29,1
1,35,7454.07,0
53,5,2107.66,3
11,12,3834.26,3
3,19,4521.49,0
18,11,3214.69,3
1,15,5346.2300000000005,0
366,1,590.0,1
37,1,217.38,3
31,2,276.56,3
113,1,138.98,3
64,2,590.9300000000001,3
16,4,258.4,3
41,1,542.73,3
78,1,137.75,3
122,3,814.86,3
18,3,1132.14,3
60,2,93.66,3
331,1,201.19,1
23,4,2709.12,3
156,1,361.11,1
39,2,578.9399999999999,3
190,2,873.74,1
360,1,201.2,1
137,1,87.4,3
8,4,2089.85,3
1,1,360.0,3
268,1,142.5,1
169,1,371.89,1
104,4,618.09,3
155,1,63.75,1
351,1,300.42,1
4,10,2000.86,3
120,1,15.0,3
23,3,1385.51,3
7,5,1456.79,3
28,3,1132.03,3
4,2,598.57,3
22,5,1555.32,3
2,3,775.94,3
37,4,5977.7300000000005,3
66,6,2273.68,3
1,3,640.76,3
5,26,10845.55,0
78,4,1548.7,3
72,2,567.36,3
17,1,199.48,3
3,5,787.85,3
36,10,7121.95,3
82,1,675.3,3
39,8,3627.77,3
316,1,1308.48,1
32,2,789.0,3
93,3,1140.93,3
14,1,350.9,3
82,3,3536.82,3
77,1,795.12,3
158,1,487.02,1
201,1,860.12,1
45,7,10736.48,3
261,1,775.85,1
178,1,353.43,1
68,3,2543.72,3
288,1,389.5,1
70,1,341.36,3
64,1,233.76,3
11,1,247.32,3
16,2,979.12,3
66,1,373.94,3
60,1,397.98,3
71,1,743.53,3
122,1,674.7,3
80,1,768.24,3
257,1,609.95,1
269,1,439.03,1
64,1,439.56,3
9,4,3090.74,3
18,2,992.5,3
71,1,134.95999999999998,3
34,2,2225.37,3
50,1,56.16,3
257,2,623.4,1
366,1,308.28000000000003,1
372,1,754.87,1
90,1,378.64,3
61,3,3312.25,3
89,1,778.65,3
99,3,1019.76,3
26,3,572.56,3
32,6,3639.31,3
281,1,222.99,1
31,7,4151.93,3
330,1,534.57,1
131,2,677.1,3
11,3,797.96,3
75,1,544.08,3
204,1,59.8,1
2,8,2520.02,3
185,1,307.72,1
29,2,1360.99,3
73,5,1544.13,3
192,1,457.34,1
127,2,621.23,3
18,1,75.0,3
1,2,252.49,3
74,3,572.451,3
2,62,28117.04,0
24,5,1003.06,3
107,1,213.55,3
134,3,1390.5,3
44,2,712.5,3
5,2,640.83,3
12,18,6127.43,0
64,1,221.06,3
150,2,159.85,1
40,2,1851.08,3
64,1,2626.3,3
108,3,1624.21,3
1,10,3641.32,3
19,3,582.6,3
10,1,218.47,3
11,4,1006.8,3
19,2,679.45,3
67,2,1269.1,3
74,2,534.24,3
5,7,3809.89,3
2,1,196.89,3
14,7,3408.06,3
255,1,283.71,1
92,1,296.64,3
23,3,1129.14,3
17,6,3539.37,3
24,1,291.88,3
27,6,2043.72,3
26,5,2976.15,3
259,2,590.0,1
166,2,356.98,1
25,2,1058.34,3
18,6,1766.72,3
7,14,9646.57,0
29,2,183.44,3
39,3,1445.0,3
253,1,151.5,1
58,1,674.68,3
184,1,307.9,1
11,2,1083.71,3
2,37,5704.97,0
99,2,165.0,3
1,4,2531.58,3
61,2,422.64,3
236,1,229.59,1
191,4,1431.78,1
179,2,1238.47,1
38,6,1454.58,3
201,2,300.95,1
46,5,1804.56,3
232,1,184.64,1
66,1,140.34,3
241,1,313.8,1
233,1,454.24,1
78,3,1122.41,3
58,3,575.4,3
17,13,8968.31,0
105,4,449.52,3
52,10,1215.82,3
136,3,1269.84,3
275,2,618.63,1
312,1,316.26000000000005,1
8,5,2044.87,3
11,2,653.33,3
283,2,348.05,1
18,5,1159.11,3
23,3,1166.77,3
288,1,1340.32,1
17,3,292.0,3
71,1,216.85,3
64,1,295.93,3
73,4,4393.63,3
316,2,458.52,1
3,4,2479.16,3
244,1,110.97,1
9,7,979.72,3
1,4,1791.56,3
261,1,251.21,1
127,1,205.1,3
74,1,152.20000000000002,3
73,4,891.12,3
21,3,1389.41,3
60,3,2128.42,3
86,1,659.4399999999999,3
78,1,122.75,3
59,6,3624.35,3
1,3,1093.65,3
30,1,125.8,3
33,5,3964.88,3
41,5,680.1800000000001,3
15,2,628.78,3
34,7,2287.51,3
79,2,307.76,3
205,2,483.8,1
34,1,210.31,3
183,3,270.79,1
2,25,5870.08,0
1,7,3448.29,3
43,7,1280.85,3
86,3,631.34,3
40,2,291.41,3
12,3,626.99,3
96,2,682.41,3
26,7,918.2,3
319,1,91.8,1
66,12,3740.07,3
74,4,4149.28,3
28,2,584.06,3
6,4,605.06,3
7,1,174.37,3
216,1,141.86,1
82,3,1799.33,3
84,2,777.53,3
144,3,1749.02,3
19,2,240.22,3
41,2,874.71,3
173,1,192.85,1
17,2,373.75,3
243,1,239.49,1
13,12,2092.32,3
206,1,1384.25,1
50,2,294.4,3
23,5,732.0699999999999,3
10,18,6717.34,0
25,4,1687.6,3
15,2,467.04,3
309,1,118.0,1
156,1,781.03,1
307,1,142.4,1
64,1,712.4,3
16,9,2478.95,3
15,2,379.65,3
11,6,1981.92,3
65,3,1117.13,3
36,4,247.96,3
108,5,2037.08,3
53,1,396.97,3
6,2,697.04,3
47,1,180.17,3
1,21,5153.67,0
312,1,219.52,1
45,2,693.32,3
65,1,428.89,3
26,1,164.34,3
29,3,280.54,3
40,1,678.01,3
12,7,1131.88,3
89,3,1171.8,3
24,4,1610.46,3
319,1,417.69,1
40,3,544.18,3
174,1,177.34,1
117,1,213.85,3
31,5,747.78,3
253,1,257.23,1
59,5,1638.47,3
23,11,7792.36,3
5,7,2031.78,3
100,11,3070.42,3
25,5,2121.27,3
33,5,1575.16,3
68,1,1071.03,3
37,5,949.12,3
52,3,810.5,3
16,1,122.64,3
74,1,1033.34,3
216,1,354.8,1
31,3,519.44,3
16,4,2624.26,3
120,1,252.1,3
10,4,1678.12,3
257,2,346.6,1
17,6,1836.34,3
35,2,94.2,3
46,3,1095.08,3
43,6,2707.33,3
114,2,932.97,3
165,2,379.65,1
11,2,382.14,3
10,5,2639.17,3
206,2,1573.2,1
86,3,897.76,3
179,1,189.47,1
60,3,84.65,3
149,1,305.02,1
3,21,6363.59,0
51,2,218.55,3
75,1,349.7,3
301,2,186.39,1
19,2,396.92,3
151,2,486.8200000000001,1
152,1,232.6,1
1,4,3722.42,3
18,4,827.83,3
187,1,59.5,1
286,1,67.23,1
3,7,3119.44,3
183,1,72.0,1
63,1,910.0,3
59,1,172.25,3
25,3,1488.32,3
4,50,65039.62,0
31,15,2504.13,0
39,1,151.29999999999998,3
155,1,308.58000000000004,1
26,10,2265.12,3
318,1,99.5,1
5,9,2308.06,3
8,3,711.86,3
303,1,330.79,1
267,2,806.41,1
271,1,296.88,1
4,13,6328.05,0
32,1,180.48,3
219,2,252.06,1
247,1,228.84,1
281,5,1079.34,1
269,1,138.28,1
32,6,1445.01,3
246,2,306.55,1
15,5,1041.68,3
117,4,799.9,3
36,1,524.14,3
132,3,2375.41,3
217,1,199.85,1
50,8,1980.56,3
39,2,1079.66,3
29,2,333.48,3
37,6,1016.14,3
136,2,752.6,3
219,2,610.59,1
28,1,491.86,3
25,4,2885.24,3
5,2,731.9,3
200,1,339.6,1
18,1,216.9,3
241,1,350.75,1
72,3,668.4300000000001,3
17,12,3131.02,3
3,7,1341.6,3
95,2,1156.36,3
162,1,300.04,1
374,1,79.6,1
96,5,948.25,3
54,5,1647.26,3
288,1,296.25,1
124,6,1186.28,3
288,1,741.26,1
152,2,282.6,1
4,9,2161.35,3
2,14,5189.52,0
12,7,3190.55,3
33,2,659.4100000000001,3
54,2,286.79,3
50,2,1070.65,3
219,1,306.72,1
63,1,1714.96,3
71,3,1521.76,3
2,37,17220.36,0
2,10,2796.51,3
64,4,2634.45,3
34,3,1132.13,3
82,1,345.0,3
1,33,25977.16,0
103,1,178.7,3
7,2,360.01,3
251,1,127.84,1
13,6,912.0,3
10,11,2462.79,3
367,1,230.4,1
76,2,309.04,3
4,1,348.8,3
128,2,1516.0,3
66,2,195.55,3
1,57,37153.85,0
117,2,688.86,3
310,1,558.32,1
67,1,324.8,3
139,3,4599.42,3
255,1,277.07,1
31,7,2635.79,3
52,2,924.6,3
64,1,256.38,3
367,1,112.6,1
6,5,1747.66,3
305,1,155.05,1
29,3,1499.01,3
184,3,814.5,1
42,3,539.0,3
40,4,1366.86,3
92,2,1579.12,3
22,4,4027.36,3
24,2,571.6700000000001,3
29,2,382.98,3
302,3,1140.35,1
145,2,385.64,1
6,2,632.0,3
19,2,957.66,3
33,5,1698.94,3
176,1,189.5,1
58,3,412.05,3
22,1,209.49,3
16,6,2202.99,3
19,1,52.2,3
159,1,384.8,1
25,4,834.57,3
212,2,271.24,1
6,4,691.73,3
253,1,85.0,1
59,9,3385.62,3
11,1,361.62,3
65,1,312.98,3
25,3,865.0600000000001,3
92,3,1255.0,3
52,2,1537.95,3
129,1,1595.48,3
96,3,2651.46,3
57,1,1090.14,3
9,25,8109.519999999999,0
169,3,388.5,1
57,1,216.17,3
326,1,201.16,1
1,5,1245.9,3
18,8,2209.36,3
248,1,305.78,1
58,4,501.56,3
74,1,145.67000000000002,3
31,3,1015.29,3
7,2,3192.54,3
123,4,3104.95,3
2,8,2770.94,3
23,13,6403.25,0
120,3,389.6,3
358,1,540.45,1
54,5,1786.79,3
64,1,122.7,3
86,1,117.24,3
55,1,1281.53,3
21,13,3219.77,3
4,20,17159.52,0
3,5,1191.13,3
11,5,2674.48,3
7,5,787.6,3
189,2,506.8,1
71,1,243.56,3
204,1,349.55,1
120,2,605.63,3
93,1,416.9,3
1,10,1883.81,3
27,4,632.97,3
298,1,821.1,1
24,3,564.62,3
28,4,2593.07,3
50,1,311.16,3
326,1,155.93,1
16,2,388.52,3
183,3,740.95,1
72,5,2867.2,3
37,2,332.64,3
80,4,2369.55,3
57,9,2580.91,3
12,2,626.45,3
50,2,272.04,3
50,2,1212.84,3
59,2,384.81,3
352,1,172.25,1
54,1,351.13,3
2,6,1838.85,3
93,4,678.25,3
23,1,223.85,3
75,1,348.99,3
11,4,464.57,3
169,2,842.65,1
58,2,337.34,3
96,2,1237.53,3
295,1,307.4,1
109,2,608.7900000000001,3
264,1,922.1,1
180,1,376.58,1
169,1,158.85,1
35,1,71.66,3
23,3,568.55,3
17,4,839.14,3
22,5,5112.96,3
79,3,561.5699999999999,3
65,1,90.6,3
361,1,102.0,1
3,6,2427.32,3
11,4,745.06,3
176,3,674.45,1
218,2,3251.071,1
7,7,3515.68,3
2,2,439.92,3
154,2,322.96,1
5,5,1026.42,3
79,3,598.2,3
21,2,230.22,3
22,2,169.55,3
308,4,664.54,1
146,1,80.7,1
7,18,9053.94,0
19,8,2758.26,3
71,2,190.25,3
287,1,264.7,1
49,1,413.59,3
31,6,2526.28,3
207,1,357.98,1
15,2,196.79,3
73,1,869.87,3
60,1,200.14,3
39,4,1871.81,3
30,12,2603.43,3
27,5,920.51,3
4,15,7060.13,0
17,1,320.46,3
20,6,4147.96,3
66,2,1266.08,3
213,1,311.3,1
12,6,855.97,3
30,1,76.8,3
43,9,3466.36,3
4,6,2313.14,3
15,5,1393.69,3
10,12,3901.81,3
211,1,635.66,1
46,3,2043.08,3
134,2,529.73,3
43,7,4582.64,3
10,5,2874.72,3
116,3,962.19,3
198,2,695.61,1
278,1,328.8,1
110,3,473.02,3
77,1,505.18,3
53,1,917.34,3
162,4,4341.21,1
47,3,1421.61,3
17,2,642.8,3
155,3,631.9,1
225,1,440.0,1
7,2,584.07,3
122,2,327.7,3
61,1,104.82,3
63,2,467.66,3
18,8,2360.09,3
7,19,17286.86,0
2,11,2975.59,3
22,3,651.8199999999999,3
29,5,1428.02,3
285,1,626.65,1
176,2,147.20000000000002,1
78,3,1560.38,3
33,1,152.2,3
41,12,3614.92,3
266,1,141.41,1
27,4,652.82,3
109,4,1659.75,3
284,1,154.99,1
9,5,1308.61,3
305,1,409.93,1
17,4,5681.72,3
32,2,746.36,3
1,23,15610.39,0
20,1,225.36,3
124,2,260.25,3
65,1,92.46,3
106,1,725.6400000000001,3
1,23,8214.65,0
24,17,6217.96,0
267,1,183.6,1
5,19,6140.42,0
10,12,10464.85,0
29,5,1353.74,3
267,1,152.55,1
64,2,374.7,3
320,1,265.85,1
4,8,1438.82,3
32,1,151.04,3
5,3,942.26,3
129,1,122.47,3
41,5,499.42,3
102,6,1049.37,3
125,1,375.1,3
33,1,45.6,3
302,2,934.52,1
365,1,182.25,1
4,9,1018.43,3
2,18,4448.54,0
3,1,194.42,3
10,13,50491.81,0
57,1,161.0,3
325,1,76.32000000000001,1
8,14,4076.91,0
12,1,442.85,3
4,17,65164.79,0
37,1,147.35,3
16,11,3104.17,3
138,1,194.9,3
74,6,5976.79,3
5,5,1360.28,3
155,2,216.21,1
239,1,1266.23,1
52,7,2703.23,3
31,2,597.91,3
73,1,144.2,3
4,12,5683.15,3
14,4,692.85,3
23,7,2915.15,3
4,4,1840.42,3
274,2,386.53,1
20,5,1382.74,3
144,1,90.0,1
4,4,2780.15,3
84,1,419.58,3
11,3,2740.43,3
8,3,706.1300000000001,3
123,3,709.71,3
61,2,637.5,3
2,5,1123.86,3
319,1,483.86,1
2,11,3586.03,3
130,3,605.64,3
2,15,4690.31,0
2,2,982.38,3
46,1,415.82,3
4,2,935.05,3
3,4,915.13,3
373,1,311.81,1
134,1,115.8,3
47,4,3742.2,3
9,5,4191.0,3
78,2,483.4,3
234,1,157.2,1
221,1,446.62,1
36,2,658.64,3
75,2,621.29,3
239,2,1345.62,1
266,1,118.75,1
10,55,117379.63,2
20,2,432.88,3
40,1,507.66,3
20,11,4693.01,3
216,3,1110.52,1
174,2,289.36,1
87,4,2445.91,3
71,2,1631.77,3
276,1,122.54,1
39,4,574.84,3
98,1,363.79,3
11,4,450.84,3
33,1,134.46,3
60,3,3222.3,3
297,4,576.9000000000001,1
86,4,559.41,3
9,7,1620.93,3
41,2,719.78,3
11,25,4748.52,0
67,1,452.89,3
331,1,197.65,1
31,6,2054.36,3
2,15,4654.08,0
2,13,4684.76,3
68,2,853.39,3
5,21,11349.52,0
202,2,1012.0,1
107,1,335.52,3
18,4,701.4,3
218,1,185.4,1
60,7,747.44,3
2,1,161.03,3
17,2,466.7,3
239,1,328.16,1
95,1,151.74,3
11,6,2073.43,3
106,6,1905.84,3
53,9,2241.1,3
90,1,1070.48,3
31,5,1004.38,3
12,6,1789.72,3
3,4,1839.3,3
2,17,2004.98,0
43,1,169.48000000000002,3
4,1,89.94,3
247,2,632.4,1
42,9,3432.8,3
177,1,683.17,1
92,3,991.13,3
110,4,1050.12,3
29,5,2232.19,3
26,10,3350.96,3
52,3,1547.2,3
184,3,925.71,1
43,5,2048.07,3
49,4,1462.72,3
22,4,775.46,3
75,5,3144.86,3
81,2,490.86,3
373,1,161.0,1
326,1,146.85,1
43,11,2380.85,3
30,2,890.34,3
184,1,213.7,1
235,2,280.55,1
9,10,2588.77,3
220,2,1693.45,1
111,3,1474.06,3
278,1,136.76999999999998,1
318,1,302.58,1
7,3,1904.05,3
2,5,2879.7000000000003,3
260,2,969.06,1
64,5,3099.7200000000003,3
9,9,12669.98,3
142,1,120.0,3
51,2,1163.45,3
8,8,2618.23,3
155,2,333.97,1
109,2,530.18,3
163,3,1516.24,1
332,1,492.65,1
226,1,112.32,1
74,2,437.96,3
51,4,559.97,3
99,3,1119.74,3
15,3,4216.2,3
197,1,134.04,1
3,15,3729.34,0
31,2,595.25,3
21,4,1910.01,3
24,3,4628.75,3
8,3,176.63,3
213,1,426.6,1
9,6,911.26,3
11,5,2314.65,3
2,11,3883.25,3
8,9,4871.93,3
3,4,1046.56,3
40,1,166.20000000000002,3
18,4,1305.33,3
8,44,51527.3,0
8,9,3965.62,3
19,1,43.2,3
117,1,640.14,3
223,1,383.45,1
71,3,1858.96,3
51,2,2093.32,3
89,6,2995.72,3
8,9,2352.53,3
243,1,310.26,1
47,6,1611.59,3
107,1,120.0,3
45,6,2481.13,3
65,1,508.58,3
207,2,477.79,1
11,5,1530.75,3
115,2,605.0600000000001,3
242,1,183.85,1
163,1,311.65,1
17,7,5014.84,3
124,2,462.66,3
23,3,866.31,3
68,1,415.2,3
17,8,2552.21,3
16,2,468.26,3
17,4,1614.91,3
161,2,588.22,1
243,1,309.52,1
219,1,134.7,1
45,8,2182.28,3
21,4,668.5600000000001,3
127,8,889.9300000000001,3
39,1,108.98,3
121,2,1021.58,3
260,1,409.57,1
10,1,133.5,3
274,1,282.93,1
165,1,51.0,1
157,4,1078.96,1
215,1,90.6,1
6,2,163.62,3
366,1,174.4,1
80,2,701.23,3
43,1,225.77,3
19,3,912.18,3
32,4,2128.23,3
22,1,161.2,3
109,8,3717.35,3
8,16,9261.52,0
320,1,155.0,1
295,1,100.5,1
358,1,76.55,1
185,1,257.68,1
191,2,617.05,1
44,2,348.1,3
52,1,202.68,3
26,1,626.0699999999999,3
38,3,1247.69,3
9,3,202.11,3
297,1,142.4,1
33,3,1770.56,3
10,8,3212.84,3
65,2,1043.46,3
10,9,4652.82,3
218,1,67.95,1
2,9,3507.71,3
65,2,487.99,3
3,19,2612.96,0
149,1,574.7,1
4,13,4051.48,3
130,4,1475.81,3
34,6,1474.32,3
119,1,156.75,3
107,6,2157.73,3
11,7,2606.53,3
71,6,2059.4500000000003,3
92,9,1105.07,3
311,1,1063.0,1
43,2,770.03,3
362,1,122.7,1
92,7,1496.98,3
1,13,5900.28,3
22,2,490.22,3
4,3,1937.25,3
11,6,1058.06,3
99,1,387.52,3
57,2,813.11,3
1,6,4263.64,3
218,1,265.2,1
18,1,322.08,3
24,10,4481.67,3
50,2,363.34,3
7,5,1244.83,3
303,1,470.36,1
10,6,2255.51,3
22,6,1372.8,3
99,1,89.06,3
366,1,63.0,1
306,1,131.9,1
320,1,2661.24,1
8,5,2357.6800000000003,3
1,4,1712.89,3
205,2,1589.82,1
54,4,1420.2,3
1,4,1039.58,3
19,5,1163.23,3
9,2,375.35,3
19,4,907.1,3
181,3,483.25,1
60,2,662.59,3
11,2,264.44,3
190,1,119.93,1
5,9,3062.4,3
311,1,113.64,1
155,1,1837.92,1
110,3,434.34,3
148,3,2103.06,1
66,11,2004.02,3
98,3,529.62,3
247,3,1058.62,1
29,7,2272.4,3
18,4,598.76,3
12,2,461.19,3
104,8,1936.84,3
74,2,234.34000000000003,3
46,1,547.66,3
72,3,925.85,3
257,1,215.7,1
20,4,1309.6,3
254,2,316.25,1
11,1,279.05,3
165,2,636.51,1
18,6,2068.15,3
282,1,137.1,1
50,1,321.92,3
39,1,165.75,3
27,6,1196.33,3
68,1,1064.28,3
207,1,463.38,1
175,2,340.93,1
7,5,2383.24,3
26,1,139.56,3
51,2,123.8,3
312,2,538.8100000000001,1
309,1,475.37,1
43,5,1957.32,3
26,3,815.32,3
88,3,356.85,3
184,2,251.21,1
20,11,2470.67,3
3,6,3543.26,3
47,4,673.26,3
17,8,5905.64,3
17,5,2012.17,3
24,6,1383.18,3
22,2,276.42,3
11,5,1314.81,3
188,2,275.28,1
101,3,455.59,3
61,3,1055.35,3
18,6,2102.09,3
33,2,330.45,3
64,1,174.37,3
2,2,270.6,3
24,4,974.54,3
108,1,241.09,3
32,9,1867.68,3
20,9,4332.2,3
3,55,8508.82,0
37,1,364.22,3
60,3,620.04,3
26,6,2925.91,3
236,4,932.85,1
25,7,1949.72,3
3,18,4447.05,0
60,3,2864.19,3
260,1,171.8,1
58,1,355.56,3
65,2,388.25,3
16,2,537.48,3
10,3,996.26,3
59,8,1461.65,3
186,1,103.25,1
29,16,3630.33,0
24,2,2024.45,3
5,5,2578.09,3
4,8,4007.54,3
151,2,652.8,1
311,1,289.24,1
11,2,765.62,3
18,2,186.23,3
152,1,165.07,1
19,5,859.27,3
10,4,2381.04,3
57,2,324.14,3
85,1,788.38,3
7,22,2237.77,0
76,3,1080.76,3
4,18,5074.77,0
96,4,3099.12,3
111,1,1432.0,3
57,2,1530.36,3
1,1,227.39,3
281,2,218.06,1
3,7,2832.84,3
180,9,1653.42,1
372,1,35.400000000000006,1
13,4,859.71,3
3,1,168.63,3
17,1,138.6,3
41,1,114.11,3
6,5,1052.55,3
169,4,1042.26,1
50,1,157.05,3
277,1,237.36,1
19,9,1601.14,3
372,1,39.75,1
15,4,1447.14,3
35,3,570.46,3
22,3,617.99,3
7,2,379.83,3
20,6,1740.6,3
11,2,883.15,3
44,1,221.97,3
306,1,393.33,1
11,1,213.96,3
275,1,660.0,1
1,93,12156.65,0
16,14,16569.5,0
4,4,1785.15,3
72,4,601.56,3
243,3,406.08,1
9,3,553.44,3
246,1,394.44,1
206,2,412.78,1
1,5,1788.36,3
185,1,320.58000000000004,1
32,5,889.25,3
57,2,225.85,3
196,2,899.63,1
24,4,2791.27,3
91,2,671.96,3
4,2,959.01,3
51,3,1006.98,3
263,1,114.56,1
266,1,344.90000000000003,1
36,2,609.85,3
51,1,443.6,3
52,6,2984.49,3
24,6,2125.08,3
22,1,110.46,3
59,1,96.12,3
170,2,693.8100000000001,1
68,2,830.76,3
157,2,597.09,1
2,74,280206.02,2
201,1,243.22,1
5,4,1417.29,3
67,2,654.6,3
77,1,114.18,3
1,7,1947.55,3
8,4,1932.23,3
169,2,291.05,1
18,4,848.22,3
5,2,247.15,3
9,9,2529.93,3
87,2,285.74,3
27,1,107.95,3
29,4,771.17,3
20,2,637.89,3
61,5,1835.7,3
24,1,195.25,3
11,25,9241.2,0
242,3,1269.99,1
280,2,411.53,1
235,2,765.55,1
3,5,1736.4,3
16,1,604.75,3
31,6,2548.24,3
25,16,28754.11,0
71,3,498.95,3
188,2,52.0,1
26,5,1236.28,3
107,1,628.38,3
8,21,5630.87,0
209,1,112.8,1
44,2,371.7,3
31,5,2114.33,3
137,4,591.55,3
265,1,172.9,1
4,7,2078.95,3
218,2,188.61,1
2,5,1250.76,3
214,1,109.13,1
32,3,2235.3,3
11,9,2549.37,3
1,17,3292.14,0
15,1,318.17,3
11,9,1546.91,3
199,1,179.0,1
3,3,1126.37,3
15,13,4921.04,3
14,4,606.13,3
10,11,2868.8,3
29,3,917.07,3
9,11,2666.36,3
24,1,160.19,3
25,4,867.38,3
43,2,329.68,3
2,5,1602.13,3
6,3,663.81,3
147,1,187.92,1
10,6,1158.3,3
25,1,718.08,3
274,1,268.58,1
374,1,313.49,1
1,8,2005.06,3
47,3,380.02,3
8,8,2702.49,3
16,12,9585.91,0
4,32,6065.69,0
4,3,1164.55,3
43,7,1314.45,3
4,7,3902.28,3
197,3,1448.21,1
12,6,1400.34,3
16,7,1099.98,3
113,5,1220.26,3
249,1,328.2,1
29,5,1415.75,3
44,1,389.64,3
87,1,563.15,3
45,2,638.05,3
10,11,5010.28,3
15,1,738.96,3
75,1,420.5,3
145,4,1484.06,3
5,3,1625.97,3
297,1,89.2,1
59,2,255.9,3
264,1,300.52,1
47,1,278.3,3
29,3,254.11,3
8,6,2473.37,3
17,2,192.6,3
3,8,10674.75,3
232,2,876.42,1
112,1,139.26,3
58,3,1011.9,3
51,11,2538.3,3
127,2,730.86,3
281,3,386.15,1
55,2,447.68,3
320,1,200.1,1
26,2,289.99,3
10,2,77.4,3
7,2,679.4399999999999,3
29,1,197.64,3
17,4,745.06,3
64,1,6.2,3
21,1,228.99,3
3,7,1319.91,3
166,1,131.45000000000002,1
1,17,8022.49,0
53,3,173.74,3
51,1,157.7,3
48,12,4339.74,3
61,1,193.14,3
162,3,845.55,1
9,1,353.27,3
15,4,554.65,3
75,1,193.39,3
40,8,2741.17,3
41,11,2087.88,3
370,2,155.43,1
37,2,778.5,3
197,1,271.85,1
200,2,1110.34,1
74,3,657.8,3
64,2,272.07,3
21,4,507.29,3
367,1,48.8,1
180,3,321.43,1
10,4,1127.71,3
4,12,2226.91,3
197,3,2139.76,1
29,4,697.55,3
53,1,197.13,3
18,6,1720.3,3
10,3,102.45,3
90,4,1649.5,3
268,1,62.85,1
53,6,3295.76,3
44,4,2824.69,3
64,4,3189.81,3
149,1,309.4,1
22,25,7930.54,0
312,1,325.75,1
23,2,511.35,3
58,6,2836.69,3
24,2,475.8,3
78,7,2759.83,3
119,2,645.65,3
36,3,1311.38,3
60,2,1173.12,3
13,4,1353.74,3
19,1,170.32,3
52,1,125.79,3
26,2,841.1999999999999,3
29,1,266.76,3
7,2,52.2,3
11,12,14389.9,0
186,3,710.28,1
3,8,2953.59,3
9,2,725.7,3
262,1,327.25,1
3,4,522.38,3
210,1,519.68,1
108,2,1465.3200000000002,3
13,9,1485.54,3
77,3,706.19,3
20,1,255.4,3
27,2,589.7,3
19,6,761.59,3
132,1,765.3199999999999,3
253,1,364.8,1
79,1,1862.0,3
207,1,369.2,1
336,1,135.9,1
254,1,125.65,1
148,2,554.38,1
10,2,1237.85,3
85,1,655.75,3
8,20,11138.71,0
205,2,468.77,1
8,4,1366.38,3
23,6,1303.52,3
11,9,1421.29,3
26,1,332.66,3
21,5,2810.63,3
2,2,1025.44,3
158,2,616.15,1
3,7,3501.1,3
74,1,277.8,3
3,4,434.35,3
1,201,143825.06,2
17,2,867.85,3
36,4,1227.43,3
91,2,307.48,3
71,4,1268.98,3
116,2,1610.15,3
213,2,977.77,1
30,2,1316.07,3
51,1,749.1,3
246,1,310.05,1
32,1,223.88,3
109,3,2372.86,3
5,5,1257.68,3
366,1,363.53,1
82,2,1890.94,3
297,1,1784.71,1
34,8,8137.02,3
57,3,1621.88,3
30,12,5900.25,3
14,1,100.9,3
72,2,290.82,3
23,6,1101.97,3
19,1,371.2,3
79,1,311.69,3
60,11,8099.49,3
25,1,289.82,3
12,1,336.17,3
253,1,58.49,1
147,3,499.68,1
64,4,695.42,3
8,2,221.27,3
11,9,7044.68,3
271,1,126.7,1
10,5,1487.8,3
247,1,206.21,1
96,2,599.0,3
15,1,191.32,3
50,1,463.8,3
30,1,147.59,3
68,4,1592.06,3
35,3,1116.57,3
128,1,114.77,3
107,3,1314.45,3
37,1,114.39,3
57,1,279.94,3
57,7,790.86,3
72,5,1931.42,3
246,1,102.12,1
19,2,213.27,3
198,2,296.75,1
16,2,326.4,3
212,1,334.54,1
39,2,233.23,3
46,3,546.1999999999999,3
170,2,429.87,1
48,1,490.52,3
116,4,1641.76,3
147,1,1246.32,1
16,28,6316.57,0
51,1,502.09,3
159,1,156.91,1
12,3,1261.78,3
36,1,308.94,3
54,2,423.04,3
43,2,260.17,3
173,1,170.04,1
34,1,125.58,3
39,3,496.21,3
267,1,266.0,1
9,9,1914.82,3
12,4,905.04,3
3,11,6802.76,3
10,10,1661.33,3
33,1,377.01,3
80,3,469.0,3
31,4,1066.15,3
8,4,627.13,3
72,2,518.28,3
4,4,668.14,3
256,3,4959.1,1
5,10,2586.67,3
16,8,4308.61,3
90,1,252.73,3
72,3,465.55,3
59,6,705.49,3
10,47,19914.44,0
170,1,180.35,1
199,1,135.93,1
31,1,537.0,3
19,17,7700.23,0
152,2,735.66,1
9,15,5213.77,0
270,1,343.62,1
65,4,384.05,3
274,1,121.17000000000002,1
25,3,1782.09,3
23,3,1391.61,3
319,1,215.78,1
5,3,697.79,3
12,2,302.1,3
275,2,1489.5,1
25,11,2124.99,3
41,9,1337.72,3
8,4,303.09,3
4,48,54534.14,0
71,4,987.86,3
213,1,370.8,1
38,4,3158.13,3
53,1,893.59,3
78,3,1744.76,3
46,2,553.36,3
179,1,1109.53,1
373,1,106.2,1
94,2,982.07,3
10,3,1043.41,3
105,1,748.87,3
78,1,773.03,3
173,1,880.85,1
7,32,9743.11,0
213,4,895.61,1
22,5,504.8,3
257,1,88.2,1
282,1,306.94,1
21,2,1160.07,3
10,6,2420.84,3
308,1,381.32,1
68,1,480.71,3
215,2,457.81,1
18,6,4597.02,3
104,4,1370.6,3
43,1,219.39,3
4,1,248.08,3
182,3,39916.5,0
84,1,410.48,3
334,3,876.0,1
9,2,317.53,3
31,2,703.36,3
197,2,1027.44,1
18,7,2298.93,3
18,5,1422.52,3
311,6,319.5,1
142,4,1300.25,3
246,1,484.95,1
24,4,996.1,3
29,3,1567.48,3
10,3,3609.33,3
30,10,2760.56,3
18,1,340.11,3
18,4,1352.75,3
15,5,1551.78,3
134,1,244.8,3
246,1,266.4,1
134,1,358.82,3
50,2,457.72,3
114,3,1633.78,3
7,2,2199.31,3
23,2,184.19,3
25,15,11528.48,0
66,1,406.53,3
60,4,1471.0,3
50,11,3447.4,3
170,1,330.11,1
18,5,977.93,3
128,3,982.42,3
15,8,1387.99,3
239,1,139.05,1
3,4,1286.7,3
240,2,178.96,1
52,7,2354.25,3
46,1,498.74,3
226,1,259.45,1
8,17,6580.44,0
4,4,1194.73,3
165,2,1327.16,1
240,1,623.5,1
11,1,301.29,3
134,1,520.8000000000001,3
17,10,5314.47,3
10,13,4745.69,3
31,1,329.25,3
75,1,296.42,3
1,3,961.49,3
4,3,1936.07,3
45,1,401.4,3
2,30,18641.01,0
357,1,158.16,1
18,2,304.47,3
69,3,843.05,3
373,1,487.75,1
321,1,163.0,1
26,1,106.56,3
331,1,1289.5,1
9,5,1624.05,3
323,1,135.75,1
72,1,224.14,3
260,1,40.5,1
18,5,2206.95,3
367,1,87.5,1
66,3,689.4799999999999,3
154,2,622.85,1
29,2,406.76,3
70,1,310.62,3
14,2,411.41,3
2,16,4777.18,0
1,41,16225.39,0
120,3,1044.32,3
61,1,499.32,3
3,15,7616.53,0
3,1,3861.0,3
11,3,1079.61,3
92,2,193.64,3
59,4,1268.7,3
87,5,1236.54,3
26,6,1827.8,3
357,1,316.58,1
85,2,653.24,3
10,4,420.3,3
1,5,870.12,3
225,1,331.18,1
60,2,894.4100000000001,3
241,1,101.8,1
319,2,328.35,1
2,8,1661.44,3
47,3,734.94,3
88,1,96.6,3
11,11,5756.89,3
176,1,305.75,1
52,6,1778.96,3
366,1,403.25,1
319,1,585.0,1
226,2,755.75,1
358,2,322.08,1
234,1,409.4,1
311,1,154.41,1
37,5,1219.4,3
66,4,3386.71,3
239,2,429.6,1
113,2,612.06,3
277,1,197.0,1
218,12,2247.51,1
299,1,321.05,1
2,4,1412.32,3
29,3,1071.99,3
10,2,780.59,3
45,5,1706.57,3
67,8,1756.44,3
74,1,316.68,3
65,2,631.57,3
134,3,2515.84,3
238,2,514.15,1
122,1,356.0,3
32,13,6688.46,0
9,11,10484.99,3
36,2,740.78,3
16,5,918.2,3
127,1,300.36,3
67,1,890.85,3
149,1,98.45,1
283,1,317.15,1
169,2,623.16,1
100,7,1810.77,3
135,1,254.82,3
324,1,178.95000000000002,1
107,1,156.51,3
64,1,393.74,3
151,2,1506.12,1
338,1,119.3,1
22,5,1717.36,3
24,1,408.8,3
16,7,2379.49,3
7,15,2507.07,0
57,2,721.94,3
4,2,716.57,3
38,1,615.14,3
66,1,135.31,3
47,1,255.9,3
355,1,290.51,1
172,1,113.12,1
59,9,2332.15,3
50,1,240.55,3
22,2,486.69,3
43,5,2306.52,3
29,3,939.78,3
5,18,7943.22,0
26,15,4668.3,0
201,1,180.94,1
51,6,3672.86,3
10,3,641.94,3
2,12,4799.9,3
67,7,4507.01,3
64,1,496.44,3
51,12,5070.35,3
290,1,574.02,1
61,8,694.4000000000001,3
64,3,1174.35,3
96,1,205.3,3
274,1,310.47,1
1,91,60767.9,2
75,4,924.85,3
110,1,52.0,3
199,1,327.97,1
64,2,570.5,3
327,1,165.0,1
4,1,312.62,3
284,1,204.5,1
44,1,267.13,3
71,3,2748.31,3
86,1,679.68,3
104,1,162.29,3
334,1,311.71,1
53,1,208.75,3
39,3,1049.7,3
32,2,714.96,3
366,4,1661.06,1
208,1,1028.56,1
157,3,351.67,1
54,1,173.97,3
66,2,574.07,3
81,1,2020.52,3
130,1,406.09,3
87,1,364.5,3
1,3,563.94,3
46,1,393.54,3
333,1,252.42,1
366,1,201.6,1
72,1,158.04,3
158,2,473.81,1
373,1,115.65,1
12,7,1960.11,3
255,2,777.02,1
29,2,277.05,3
31,10,2766.5,3
5,22,8347.2,0
40,1,427.93,3
362,1,418.92,1
373,1,326.0,1
96,2,913.19,3
26,7,2314.32,3
75,2,602.51,3
57,4,1877.59,3
21,1,446.94000000000005,3
41,7,2386.05,3
137,1,2007.4,3
8,12,2415.91,3
129,1,168.0,3
40,3,1233.36,3
169,7,3703.29,1
9,5,1690.2600000000002,3
214,2,596.85,1
15,6,5955.71,3
170,2,642.41,1
40,1,316.88,3
186,1,394.14,1
270,1,140.54,1
172,1,500.0,1
5,4,1535.53,3
16,2,231.86,3
10,4,2183.54,3
326,1,107.45,1
113,1,288.18,3
290,1,94.0,1
16,2,1345.53,3
1,3,815.77,3
92,5,716.2,3
149,2,626.77,1
189,1,349.1,1
31,2,510.71,3
34,4,1056.44,3
264,1,267.18,1
84,8,3450.84,3
26,4,1358.88,3
171,1,190.53,1
10,3,774.9000000000001,3
313,1,572.8100000000001,1
65,4,3984.32,3
85,1,508.8,3
25,1,135.86,3
59,4,950.36,3
323,2,97.7,1
38,1,43.5,3
254,2,383.34,1
19,5,1447.39,3
33,3,1483.14,3
15,1,93.78,3
27,2,397.35,3
23,1,171.19,3
214,2,533.3,1
8,5,1041.48,3
22,1,149.29,3
12,3,1122.53,3
262,1,200.16,1
131,1,156.57999999999998,3
55,3,383.68,3
249,1,594.0,1
2,7,3236.91,3
9,2,1418.26,3
264,1,113.5,1
331,1,155.17,1
313,1,494.64,1
26,3,974.52,3
30,1,429.84,3
30,3,538.73,3
2,7,1388.37,3
362,1,179.1,1
283,3,447.22,1
262,1,237.07,1
25,1,161.64,3
354,1,216.76,1
94,3,234.6,3
29,1,126.14,3
338,1,1048.85,1
20,18,7354.62,0
85,1,334.53,3
9,3,524.88,3
51,2,467.51,3
50,2,538.55,3
2,1,469.48,3
113,1,371.56,3
14,7,1771.2,3
77,1,454.11,3
40,2,1441.42,3
116,1,905.5,3
16,12,11054.96,0
161,4,233.81,1
1,4,3594.31,3
30,3,2575.0,3
93,1,91.32,3
23,3,1134.28,3
95,6,3100.09,3
28,2,659.4599999999999,3
33,5,2001.8,3
21,2,1299.23,3
18,2,1262.2,3
3,27,13316.4,0
8,4,1131.56,3
16,12,10384.93,0
363,1,147.09,1
81,1,52.83,3
53,5,3610.96,3
23,3,979.26,3
172,1,492.36,1
189,6,1000.27,1
331,1,250.0,1
12,5,909.23,3
156,2,121.0,1
33,19,14758.22,0
12,11,4139.46,3
45,3,62.43,3
233,1,267.03,1
64,8,1942.45,3
2,1,343.5,3
40,8,3000.2,3
33,2,398.84,3
84,1,412.0100000000001,3
25,1,440.0,3
2,3,825.92,3
33,2,148.44,3
19,8,2429.78,3
254,1,229.33,1
23,11,3995.23,3
22,4,1502.35,3
8,2,2007.44,3
25,4,1580.93,3
19,3,807.57,3
173,4,536.4,1
163,1,110.92,1
7,1,538.46,3
11,1,213.3,3
114,1,85.13000000000001,3
288,1,127.86,1
9,9,3546.71,3
54,2,292.72,3
7,14,4954.84,0
77,3,1693.26,3
4,4,575.63,3
37,1,436.06,3
217,1,90.12,1
60,1,437.23,3
278,1,217.2,1
12,16,4805.17,0
24,1,279.77,3
29,1,473.65,3
12,4,800.59,3
352,1,134.55,1
22,4,1400.44,3
50,2,173.16,3
19,1,186.01,3
3,3,758.29,3
104,5,1375.71,3
7,12,4165.52,3
12,4,650.4300000000001,3
5,7,2552.86,3
32,2,607.45,3
178,4,702.25,1
38,1,940.67,3
151,3,258.88,1
162,1,127.1,1
69,2,348.6,3
121,13,3679.97,3
25,3,682.9100000000001,3
24,4,725.11,3
177,1,455.3,1
50,4,913.68,3
256,3,478.53,1
47,1,388.58,3
71,1,199.8,3
16,5,1771.78,3
101,5,1406.59,3
35,1,324.57,3
53,1,240.68,3
27,2,761.74,3
11,14,6776.56,0
8,9,1297.87,3
79,1,48.48,3
52,1,216.39,3
36,5,1198.23,3
61,9,2920.16,3
337,1,104.76,1
28,4,1093.68,3
184,1,298.48,1
52,1,112.46,3
10,13,1591.45,3
36,2,195.15,3
10,23,10399.74,0
33,4,776.851,3
11,1,336.40000000000003,3
57,3,1553.18,3
4,4,1293.03,3
43,9,3709.56,3
141,1,301.03,3
117,4,588.13,3
104,4,1534.26,3
75,2,675.8,3
5,9,2870.24,3
45,2,1186.35,3
16,8,3285.31,3
17,1,243.55,3
90,2,724.76,3
53,1,223.36,3
134,1,425.32,3
4,15,12515.66,0
105,4,1887.2,3
192,3,664.0,1
166,4,813.0,1
19,1,612.01,3
158,3,447.64,1
204,2,657.35,1
336,2,816.0,1
37,3,646.3,3
91,1,337.74,3
93,2,877.4399999999999,3
9,2,922.53,3
243,1,560.67,1
45,4,748.5,3
23,1,30.0,3
190,5,1024.1,1
44,1,306.45,3
25,9,1600.86,3
317,2,309.8,1
106,1,138.14,3
51,1,386.43,3
168,2,2242.01,1
40,1,301.32,3
218,1,76.32000000000001,1
40,4,684.34,3
297,1,173.05,1
19,7,2657.13,3
88,4,2881.02,3
73,5,2446.6,3
81,3,323.69,3
19,3,3435.76,3
49,1,657.23,3
53,1,352.7,3
24,4,781.28,3
9,3,1333.68,3
25,5,1426.16,3
117,1,193.75,3
9,9,2993.1,3
120,2,254.1,3
4,2,239.76,3
252,1,136.8,1
28,1,191.04,3
1,14,6479.4,0
267,2,409.98,1
33,8,2736.46,3
18,1,309.65,3
172,2,696.68,1
2,4,1542.14,3
265,1,211.5,1
140,4,2293.62,3
201,1,143.1,1
64,4,1060.56,3
35,4,945.58,3
41,7,3364.24,3
284,1,133.25,1
9,5,1072.36,3
143,2,356.7,3
12,2,330.88,3
146,4,1118.81,3
234,1,150.3,1
33,13,5045.61,3
24,1,598.73,3
12,1,507.08,3
36,5,2222.56,3
365,1,203.1,1
201,2,218.25,1
15,1,415.25,3
17,7,5178.96,3
213,1,85.0,1
66,3,1120.88,3
212,2,294.12,1
283,1,162.3,1
115,2,1339.45,3
15,8,1205.12,3
19,16,4812.42,0
66,1,449.12,3
49,1,154.88,3
16,4,784.46,3
78,1,34.8,3
19,4,1094.59,3
134,1,196.88,3
13,3,974.04,3
40,1,149.31,3
235,3,44534.3,0
3,8,2465.48,3
40,7,2637.38,3
305,1,79.2,1
51,3,458.57,3
10,6,2364.25,3
61,4,532.96,3
66,2,714.42,3
25,1,205.25,3
218,3,253.04,1
65,2,583.75,3
32,2,1086.92,3
88,6,3279.97,3
64,1,315.06,3
116,3,621.8299999999999,3
7,26,56252.72,0
6,1,635.6800000000001,3
69,1,270.8,3
245,1,104.9,1
133,1,241.62,3
241,4,1047.11,1
184,3,475.28,1
25,3,345.46,3
10,3,2614.74,3
11,1,246.3,3
33,5,2328.9700000000003,3
46,3,4932.2,3
26,3,948.05,3
358,1,351.3,1
10,1,220.85,3
44,2,1612.69,3
15,3,965.61,3
150,1,610.01,1
1,8,2711.56,3
113,4,2207.4,3
76,3,884.14,3
107,2,699.08,3
46,3,1063.95,3
143,1,451.42,3
51,1,415.8200000000001,3
1,13,4206.39,3
23,17,5528.4800000000005,0
46,3,784.58,3
50,3,903.9,3
306,4,3734.97,1
36,5,515.77,3
79,4,1391.98,3
22,6,2218.62,3
107,5,1801.14,3
208,2,1303.91,1
17,4,1945.33,3
64,5,2100.6,3
49,4,1905.45,3
320,1,206.98,1
44,2,570.96,3
3,2,885.47,3
372,1,15.0,1
172,1,532.94,1
56,3,1654.31,3
73,14,1836.09,3
99,2,636.14,3
38,1,576.0,3
58,3,801.76,3
254,1,836.79,1
70,4,2233.75,3
44,4,954.09,3
50,1,137.37,3
65,1,391.98,3
11,19,33643.08,0
33,3,1048.49,3
59,2,355.56,3
73,4,1224.06,3
304,1,118.95000000000002,1
46,1,130.73999999999998,3
18,8,3711.77,3
38,2,389.27,3
19,2,238.85,3
187,2,160.71,1
52,1,110.8,3
4,12,2974.65,3
137,5,712.24,3
4,27,16387.57,0
19,1,297.0,3
16,5,1438.85,3
41,8,977.21,3
12,8,3165.36,3
8,4,832.88,3
26,2,68.84,3
22,6,1936.32,3
41,3,895.13,3
101,1,230.53,3
5,15,3812.64,0
277,2,149.64,1
33,1,354.09000000000003,3
15,2,360.93,3
64,7,4405.88,3
2,2,493.28,3
369,1,343.28000000000003,1
312,5,501.39,1
199,4,516.36,1
2,2,396.48,3
93,3,379.35,3
60,1,181.09,3
81,1,168.31,3
157,2,446.87,1
227,1,524.52,1
253,2,263.55,1
150,1,179.17,1
194,2,222.05,1
1,5,1388.88,3
369,1,56.25,1
24,1,351.11,3
17,3,363.88,3
10,7,5126.76,3
8,1,164.68,3
20,7,1567.69,3
4,3,967.45,3
174,1,191.94,1
1,8,1232.18,3
178,2,264.62,1
16,8,1528.09,3
248,1,123.1,1
191,2,334.23,1
20,2,639.89,3
154,4,167.5,1
173,1,336.03000000000003,1
373,1,369.5,1
373,1,127.08,1
194,1,207.15,1
67,1,426.63,3
4,8,2495.87,3
21,3,1107.46,3
239,2,416.86,1
64,1,145.35,3
112,5,404.58,3
90,15,6115.01,0
311,1,35.8,1
134,1,337.44,3
277,1,325.1,1
365,1,181.0,1
83,1,1708.24,3
8,2,955.24,3
17,2,364.72,3
32,4,1765.51,3
9,2,708.22,3
34,4,806.57,3
15,8,1659.38,3
24,14,4416.26,0
32,1,428.89,3
74,1,104.35,3
20,2,470.76,3
17,4,845.64,3
23,2,418.83,3
3,3,666.1,3
304,1,314.1,1
18,12,4199.85,3
367,1,307.82000000000005,1
39,7,3442.15,3
84,1,371.01,3
165,2,430.94,1
17,2,1054.73,3
77,1,1098.78,3
89,3,2398.86,3
25,8,3408.48,3
22,4,1475.02,3
3,10,2837.67,3
123,2,1142.42,3
30,1,168.12,3
12,7,1451.28,3
19,1,158.03,3
44,2,792.11,3
4,1,41.99,3
9,7,2797.57,3
55,1,427.07,3
88,6,1060.68,3
37,5,3089.97,3
3,3,12393.7,3
30,5,2735.37,3
12,4,615.39,3
211,1,101.4,1
48,4,1701.94,3
24,3,478.78,3
22,4,992.71,3
246,3,407.5,1
8,16,3362.71,0
35,3,1415.29,3
4,47,37130.6,0
38,3,662.38,3
4,3,705.39,3
3,8,1508.76,3
47,1,211.88,3
39,2,408.9,3
47,9,3786.24,3
17,3,851.01,3
260,1,628.28,1
46,3,719.81,3
12,1,251.24,3
30,1,439.66,3
43,1,236.09,3
92,6,934.62,3
39,63,81024.84,2
310,1,331.24,1
92,2,548.94,3
6,20,8816.4,0
196,3,437.7,1
87,2,758.92,3
270,3,855.02,1
8,3,471.78,3
65,3,1313.55,3
31,3,3166.4,3
22,5,1197.27,3
38,4,773.99,3
120,4,1340.7,3
373,2,256.44,1
40,3,1111.79,3
174,1,137.9,1
54,1,362.06,3
33,2,1511.95,3
145,1,783.9,1
221,1,134.8,1
45,1,664.85,3
16,7,2263.12,3
66,6,1459.86,3
10,4,1153.62,3
260,1,335.32,1
365,1,372.09,1
17,5,1521.87,3
22,2,852.15,3
45,1,326.24,3
288,1,584.3199999999999,1
297,1,122.4,1
3,10,2234.73,3
284,1,79.2,1
17,3,1352.0,3
82,2,217.16,3
56,5,2806.9,3
101,2,1317.62,3
299,1,436.18,1
23,5,981.51,3
59,5,1121.39,3
155,2,315.06,1
115,3,817.86,3
107,1,17.0,3
12,4,1078.23,3
264,1,320.62,1
240,1,185.05,1
88,7,2005.63,3
50,3,731.9,3
71,1,1290.7,3
42,3,1842.14,3
7,6,1429.64,3
62,1,302.36,3
249,1,336.96,1
66,1,108.38,3
18,7,3204.1600000000003,3
85,1,842.5,3
219,2,611.88,1
45,3,1337.48,3
143,4,195.74,3
183,1,161.38,1
171,1,135.75000000000003,1
10,8,1667.97,3
212,1,612.78,1
190,1,232.21,1
8,2,423.36,3
59,4,1309.14,3
57,2,867.11,3
73,4,684.4200000000001,3
52,1,307.78,3
317,1,249.0,1
367,1,289.35,1
29,4,6287.77,3
39,1,656.25,3
18,5,1880.22,3
52,6,3506.54,3
4,33,14589.04,0
22,2,618.09,3
263,1,517.55,1
60,3,709.38,3
19,3,635.41,3
66,2,725.18,3
88,1,620.4,3
250,1,535.34,1
3,6,2424.94,3
247,1,175.2,1
9,11,3799.49,3
157,3,734.13,1
134,1,375.0,3
296,1,76.32000000000001,1
5,2,280.52,3
43,5,2053.02,3
269,1,1829.04,1
50,5,1824.23,3
9,9,3122.04,3
16,3,656.69,3
282,1,348.2,1
65,2,1025.44,3
2,19,5575.56,0
252,1,37.4,1
232,2,856.6,1
17,3,822.48,3
11,27,3787.6,0
8,4,1822.97,3
51,6,1885.05,3
59,1,73.2,3
95,5,1140.21,3
16,6,1418.32,3
126,3,1009.55,3
94,4,1037.59,3
50,1,331.95,3
138,1,197.9,3
61,1,215.83,3
100,8,10254.18,3
73,1,305.54,3
72,4,6617.65,3
67,1,338.71000000000004,3
64,6,1158.79,3
17,2,529.41,3
23,12,4006.94,3
32,15,6911.4400000000005,0
45,4,981.86,3
16,2,215.48,3
40,1,215.08,3
3,13,5180.52,3
237,1,314.45,1
75,1,400.681,3
4,2,1080.62,3
3,4,1863.47,3
361,1,365.27,1
59,4,592.9,3
23,1,405.71,3
31,4,761.38,3
55,4,537.0600000000001,3
25,1,394.38,3
45,2,664.26,3
89,5,2262.62,3
2,18,21086.3,0
89,1,547.02,3
19,2,690.34,3
79,1,159.0,3
171,3,1062.75,1
81,1,242.35,3
267,1,914.93,1
235,2,304.25,1
30,7,3084.68,3
37,3,864.86,3
318,1,846.72,1
57,4,1295.3,3
45,5,1096.32,3
203,3,255.12,1
225,1,314.22,1
87,2,1010.6,3
190,2,542.03,1
44,4,990.88,3
71,3,536.6800000000001,3
41,5,867.31,3
78,1,432.2,3
57,2,414.2,3
24,2,3718.8,3
10,13,2607.87,3
8,7,3603.21,3
34,2,409.1,3
212,2,1522.75,1
24,3,1413.66,3
170,1,114.56,1
62,1,152.94,3
53,5,1800.07,3
261,2,389.44,1
67,2,3683.86,3
17,8,2619.91,3
267,1,752.4300000000001,1
177,1,46.95,1
45,5,5203.51,3
51,1,1035.45,3
17,4,746.83,3
9,9,5447.0,3
74,7,861.89,3
71,2,667.65,3
353,1,1141.24,1
3,5,1429.24,3
117,1,411.7,3
373,1,357.95,1
197,1,559.87,1
177,1,810.6000000000001,1
100,1,566.38,3
21,3,1509.58,3
72,1,2062.06,3
340,1,168.3,1
6,5,1570.81,3
31,2,823.97,3
170,1,142.5,1
122,1,302.25,3
22,10,2248.99,3
10,4,1328.55,3
269,1,301.9,1
23,3,598.2,3
127,1,233.22,3
26,3,5360.63,3
139,1,361.22,3
214,6,632.27,1
38,4,2560.0,3
106,2,706.57,3
18,2,616.26,3
3,2,274.15000000000003,3
331,1,226.37,1
64,8,2938.91,3
120,3,1341.65,3
35,1,328.15,3
218,1,404.4,1
172,2,1038.46,1
72,5,373.65,3
1,2,326.75,3
196,1,207.50000000000003,1
128,3,428.68,3
47,3,594.24,3
6,14,3110.96,3
14,6,3844.22,3
18,3,251.91,3
28,7,1593.2,3
8,22,26626.8,0
37,1,151.05,3
157,1,214.8,1
284,1,109.95,1
107,1,549.07,3
25,4,1971.87,3
75,4,322.41,3
16,2,370.48,3
158,1,101.1,1
44,1,575.41,3
11,2,887.65,3
32,7,1469.45,3
291,1,53.5,1
21,4,1116.47,3
333,1,153.9,1
18,2,494.44,3
4,23,6675.71,0
63,2,395.8,3
198,3,211.77,1
33,3,658.88,3
1,4,2027.5,3
7,9,1750.92,3
5,6,3512.53,3
10,4,896.66,3
32,5,734.77,3
53,1,109.36,3
12,2,707.04,3
18,9,1540.42,3
19,1,327.3,3
37,2,804.49,3
2,2,497.43,3
18,3,1553.66,3
82,4,1320.56,3
33,2,367.93,3
66,2,473.03,3
9,2,987.01,3
267,1,676.2,1
247,3,362.95,1
4,4,2157.4,3
61,1,1780.59,3
75,2,668.36,3
90,2,584.5,3
60,3,555.89,3
29,2,317.2,3
323,1,94.36,1
53,4,1382.07,3
270,1,221.19,1
2,13,3046.21,3
57,5,1555.34,3
61,5,1486.9,3
154,2,1705.8,1
19,2,408.57,3
95,1,303.93,3
1,12,4098.32,3
265,2,299.6,1
312,1,177.5,1
70,1,443.05,3
302,2,167.25,1
19,1,163.07,3
13,10,2126.93,3
36,5,2028.88,3
19,2,214.65,3
54,1,151.83,3
57,1,262.2,3
22,2,126.25,3
44,1,210.35,3
27,3,1051.4,3
45,3,675.27,3
113,6,972.23,3
17,51,34684.4,0
25,1,346.12,3
191,1,133.56,1
302,1,302.7,1
2,10,1908.25,3
263,2,241.06,1
106,1,284.55,3
57,1,300.85,3
213,3,642.81,1
64,1,287.4,3
28,1,184.26,3
29,7,1522.25,3
6,5,798.35,3
8,5,3640.67,3
67,2,381.2,3
2,3,616.79,3
46,4,654.67,3
34,1,230.51,3
1,2,168472.5,2
136,1,259.01,3
198,1,188.89,1
198,2,707.69,1
150,1,311.92,1
88,1,266.97,3
45,2,6.9,3
64,7,1841.18,3
99,5,2158.37,3
218,1,208.36,1
3,18,3482.74,0
28,3,814.72,3
178,1,151.42,1
74,3,136.0,3
21,4,1422.4,3
20,3,1314.68,3
34,7,1603.46,3
74,1,74.9,3
24,4,650.43,3
52,4,762.39,3
275,1,223.95,1
165,3,316.11,1
7,7,1871.5,3
88,4,544.3,3
64,7,2494.46,3
25,3,331.0,3
10,2,300.83,3
76,1,769.29,3
16,1,220.62,3
192,1,139.35,1
174,2,404.3,1
77,1,363.65,3
33,3,498.8,3
47,1,731.5,3
80,4,1351.63,3
297,1,826.53,1
3,3,684.41,3
9,3,1599.52,3
50,6,2965.69,3
161,2,100.97,1
360,2,365.45,1
5,6,400.86,3
107,4,1431.93,3
25,1,484.38,3
32,1,777.6,3
20,2,90.3,3
297,1,363.7,1
372,1,248.1,1
22,3,950.26,3
5,4,874.59,3
52,5,1627.13,3
30,1,101.7,3
277,1,162.7,1
61,2,484.32,3
25,2,215.08,3
186,3,1046.57,1
2,21,9418.47,0
2,26,13027.45,0
172,1,290.36,1
81,1,228.06,3
4,1,244.41,3
190,1,455.25,1
22,7,1244.59,3
18,3,6748.8,3
19,3,1095.56,3
5,1,593.75,3
110,1,548.97,3
3,4,1388.81,3
54,1,119.62,3
165,1,339.3,1
291,2,787.15,1
10,10,4154.64,3
109,5,2298.97,3
96,3,922.12,3
243,2,379.73,1
163,12,5719.82,3
42,3,837.1,3
35,2,285.89,3
67,7,3313.79,3
24,2,281.85,3
1,20,8338.49,0
27,2,841.41,3
6,2,511.12,3
54,1,1077.74,3
364,1,173.7,1
15,5,614.66,3
194,2,865.6,1
3,1,124.2,3
15,10,3738.4,3
27,3,1421.69,3
127,3,1009.6,3
85,2,663.61,3
71,1,451.44,3
183,1,105.84,1
113,1,313.62,3
374,1,233.45,1
80,2,936.08,3
249,1,463.95,1
232,1,225.15,1
71,3,459.24,3
69,1,213.5,3
4,16,4113.68,0
51,3,330.03,3
75,1,181.09,3
61,1,360.16,3
16,2,250.15,3
4,1,90.04,3
286,1,145.04999999999998,1
4,6,813.52,3
41,1,244.8,3
36,1,528.08,3
75,2,482.47,3
18,14,3347.71,3
15,7,5493.46,3
219,1,75.66,1
186,1,129.49,1
33,4,1187.66,3
70,1,618.59,3
183,1,506.19,1
15,2,500.42,3
236,1,151.85,1
31,5,2647.59,3
264,1,226.21,1
4,2,178.96,3
52,4,813.48,3
246,1,129.45,1
81,2,810.5699999999999,3
275,1,333.08,1
1,17,4413.1,0
79,1,322.8,3
30,5,2188.05,3
74,2,417.73,3
17,6,2883.1,3
223,2,217.9,1
32,4,1154.47,3
23,10,1680.72,3
31,3,1257.51,3
106,1,231.1,3
5,2,688.33,3
246,1,487.51,1
178,2,833.78,1
170,2,214.06,1
43,1,290.66,3
72,1,518.42,3
59,7,6773.97,3
16,2,1212.66,3
141,4,601.27,3
18,6,3794.52,3
22,15,8625.8,0
10,4,933.62,3
368,1,123.24,1
189,1,39.12,1
16,4,1267.65,3
362,1,135.39999999999998,1
19,1,118.98,3
68,2,570.13,3
15,6,306.72,3
24,3,1374.87,3
17,11,4095.9,3
28,3,1692.27,3
2,20,8134.94,0
55,2,319.61,3
34,4,1592.12,3
3,12,3109.99,3
366,1,129.75,1
43,1,183.7,3
73,6,1770.34,3
5,5,1028.0,3
4,28,66653.56,0
61,2,324.24,3
47,7,3062.83,3
1,4,1260.86,3
76,2,422.6,3
72,2,225.58,3
256,2,1276.0,1
69,2,482.01,3
135,4,657.9000000000001,3
241,1,112.75,1
227,2,1998.0,1
9,13,5076.55,3
9,13,5398.3,3
1,20,14034.99,0
37,3,531.35,3
46,1,656.63,3
85,5,3029.87,3
19,10,2483.04,3
3,5,1651.03,3
9,11,3645.43,3
19,15,6923.13,0
219,3,1161.53,1
78,1,301.72,3
267,2,901.2,1
24,6,3858.38,3
369,1,623.75,1
15,7,1790.42,3
26,1,155.24,3
262,1,292.47,1
17,13,4730.81,3
91,2,589.15,3
302,7,781.02,1
26,5,1382.02,3
364,1,272.82,1
46,4,1054.67,3
38,21,7239.92,0
52,3,743.11,3
32,1,603.75,3
52,3,650.51,3
79,5,2300.56,3
53,1,417.6,3
298,1,3.75,1
177,1,323.0,1
47,1,464.9,3
29,7,2238.09,3
11,7,1304.76,3
87,17,7194.3,0
5,18,6697.66,0
38,2,836.06,3
18,5,1515.9,3
45,5,623.93,3
31,1,1764.72,3
373,1,207.5,1
58,1,223.92,3
372,1,2002.4,1
114,3,1496.83,3
215,1,239.4,1
319,1,106.83,1
65,1,369.34,3
8,3,789.79,3
97,1,316.62,3
20,3,1501.38,3
199,1,611.85,1
4,13,2799.25,3
294,1,34.0,1
273,2,1145.6,1
31,11,5580.6,3
48,3,478.09,3
260,1,380.39,1
58,5,770.1,3
33,5,2246.81,3
57,1,171.59,3
68,4,661.52,3
10,11,1695.66,3
60,1,388.28,3
80,2,226.35,3
74,2,245.94,3
2,22,10629.72,0
100,2,425.19,3
372,1,311.25,1
10,13,2279.9,3
20,1,107.6,3
123,2,597.48,3
8,1,80.8,3
4,6,1545.62,3
29,7,1721.78,3
282,2,110.38,1
57,1,243.84,3
1,10,1222.71,3
365,1,414.88,1
89,1,305.62,3
11,1,1201.49,3
163,4,1619.73,1
65,1,332.3,3
23,3,536.99,3
174,2,460.59,1
103,4,801.49,3
143,3,1121.59,3
99,2,288.42,3
23,5,914.69,3
192,1,309.54,1
5,2,547.07,3
361,1,479.35,1
8,10,1692.98,3
14,21,6509.1,0
103,4,417.06,3
3,9,1604.75,3
11,11,3349.57,3
96,1,497.61,3
227,1,358.38,1
16,2,460.64,3
39,2,775.1800000000001,3
51,1,341.7,3
93,2,128.5,3
157,1,197.22,1
39,1,325.91,3
184,3,199.15,1
1,4,1106.53,3
228,1,413.46,1
128,2,180.85,3
40,2,251.87,3
31,11,3170.98,3
197,2,588.85,1
9,34,16594.35,0
37,6,1869.82,3
101,3,1264.19,3
43,16,10196.57,0
50,1,214.32,3
43,1,193.44,3
53,1,281.42,3
187,1,124.57,1
334,1,332.41,1
4,3,342.45,3
10,2,144.91000000000005,3
24,2,328.4,3
15,1,35.400000000000006,3
369,1,375.69000000000005,1
145,2,747.81,3
60,2,173.76,3
31,2,502.8,3
141,3,207.74,3
23,4,825.42,3
22,6,2812.34,3
77,3,680.02,3
5,6,7123.62,3
67,5,2095.53,3
12,6,853.72,3
84,1,13.3,3
31,7,1519.08,3
67,1,432.0,3
67,3,705.12,3
187,2,276.73,1
38,2,429.84,3
15,3,471.51,3
35,1,194.88,3
195,3,1578.67,1
2,5,809.7,3
1,5,525.54,3
367,1,145.93,1
65,1,219.14,3
299,2,289.78,1
26,3,508.81,3
8,6,1281.56,3
17,3,887.11,3
116,1,1706.88,3
29,1,373.24,3
4,16,3754.27,0
5,7,3102.43,3
82,4,579.77,3
29,5,981.65,3
72,1,379.14,3
4,8,1510.06,3
29,11,2575.38,3
290,1,113.44,1
36,1,208.46,3
9,6,621.6800000000001,3
24,2,576.26,3
277,1,391.52,1
50,6,1068.82,3
156,11,2596.45,3
61,1,169.79,3
12,19,7247.61,0
21,3,846.75,3
371,1,230.25,1
116,3,543.05,3
80,17,2847.6,0
4,7,1295.39,3
26,3,380.55,3
5,21,4604.22,0
53,1,161.94,3
1,2,563.23,3
55,2,950.93,3
26,1,262.68,3
9,4,2736.38,3
52,3,3049.88,3
13,9,1920.59,3
212,3,816.73,1
22,19,4345.5,0
236,1,406.48,1
139,3,435.02,3
4,6,1286.27,3
57,3,1178.56,3
135,3,1277.75,3
109,2,167.61,3
30,1,20.8,3
1,9,2085.08,3
185,4,518.67,1
18,1,308.74,3
239,2,416.64,1
87,1,117.35,3
39,3,507.05,3
116,1,234.17,3
187,1,110.55,1
227,1,201.19,1
8,7,2154.97,3
189,1,319.02,1
4,2,439.43,3
39,3,650.41,3
38,1,357.21,3
267,1,251.52,1
78,1,344.33,3
4,6,1852.0,3
255,2,1078.96,1
61,1,384.06,3
13,7,1931.25,3
88,2,4481.35,3
17,10,5464.12,3
30,2,1873.2,3
3,7,1625.05,3
5,1,126.12,3
7,6,1133.25,3
219,1,179.0,1
11,5,1614.31,3
30,6,1456.96,3
288,3,702.0,1
150,4,295.0,1
23,2,484.82,3
1,11,3989.57,3
86,3,1493.73,3
46,2,1412.94,3
5,4,781.78,3
51,6,889.9300000000001,3
18,1,195.36,3
30,1,270.9,3
8,3,586.33,3
29,3,1842.56,3
3,20,8694.26,0
41,2,920.1,3
11,4,1272.61,3
31,1,71.0,3
45,3,95.85,3
61,3,357.77,3
185,2,154.82999999999998,1
79,6,890.29,3
111,2,716.0,3
64,1,146.87,3
12,2,380.35,3
86,3,1030.14,3
16,3,745.52,3
246,2,433.53,1
88,1,1267.32,3
30,1,112.4,3
138,1,449.73,3
27,3,1081.57,3
3,5,1044.38,3
32,4,1735.18,3
25,1,948.48,3
113,3,339.44,3
157,1,642.02,1
85,3,1100.9,3
118,3,925.35,3
3,9,5659.9800000000005,3
96,6,3228.84,3
194,1,247.14,1
28,1,413.75,3
131,1,498.48,3
28,5,1356.33,3
82,3,1179.89,3
30,5,3095.04,3
266,1,234.24,1
74,11,5232.2300000000005,3
314,4,538.37,1
21,7,1461.14,3
59,3,859.35,3
12,21,4552.14,0
28,9,2709.7000000000003,3
114,1,312.14,3
28,9,2429.03,3
18,4,1446.09,3
18,4,834.12,3
36,3,841.0799999999999,3
36,2,378.2,3
78,1,118.8,3
22,2,287.62,3
25,2,290.16,3
33,2,2003.85,3
109,3,1405.78,3
35,2,2949.75,3
123,5,1566.65,3
7,6,2050.08,3
28,4,1991.01,3
4,7,2043.95,3
3,9,3827.76,3
50,4,1777.78,3
322,1,302.0,1
23,3,1324.16,3
15,4,1022.13,3
2,8,954.42,3
18,2,971.74,3
10,4,1621.73,3
262,1,25.5,1
159,2,665.78,1
33,6,10815.43,3
29,6,885.04,3
165,1,163.29999999999998,1
47,1,248.61,3
6,8,808.62,3
8,3,837.5,3
288,1,116.2,1
318,1,157.02,1
3,2,606.91,3
233,1,307.46,1
119,1,138.32,3
162,1,345.29999999999995,1
185,1,298.89,1
50,1,259.35,3
152,5,1004.75,1
335,1,157.09,1
5,5,2463.17,3
16,7,4892.240000000001,3
107,2,425.0,3
16,7,1139.73,3
276,1,380.5,1
16,12,10668.47,0
247,1,465.32,1
239,1,579.0,1
1,2,984.57,3
106,3,749.78,3
23,4,1714.59,3
52,1,124.88,3
195,3,1689.5,1
24,1,213.78,3
75,1,329.34,3
18,2,251.7,3
8,2,319.0,3
32,3,1266.97,3
22,3,1538.88,3
31,6,3518.03,3
29,10,1715.46,3
22,2,293.1,3
33,7,2467.35,3
284,1,158.68,1
39,2,206.34,3
58,2,835.78,3
289,1,224.91,1
79,1,317.76,3
5,8,3766.6,3
218,1,59.9,1
44,4,1443.69,3
202,1,306.13,1
178,3,711.79,1
56,4,796.03,3
57,2,239.92,3
8,6,3347.31,3
47,2,144.0,3
227,1,203.95,1
11,7,2474.23,3
106,2,384.4,3
59,2,444.74,3
28,7,2095.13,3
36,7,1699.3000000000002,3
274,2,262.62,1
30,1,1013.01,3
24,3,692.22,3
54,1,342.63,3
36,6,3563.85,3
175,4,1564.56,1
54,1,384.08,3
53,1,204.24,3
27,8,2317.2200000000003,3
253,1,226.85,1
40,7,2781.23,3
60,6,1069.12,3
234,1,113.5,1
4,10,1960.72,3
32,1,114.23,3
24,14,3198.25,3
7,2,335.13,3
65,1,354.15,3
310,2,426.79,1
309,1,393.49,1
19,6,939.32,3
16,8,1906.09,3
96,2,318.76,3
264,8,3638.41,1
12,10,3174.32,3
3,2,421.52,3
35,1,190.88,3
183,1,149.89,1
25,2,550.06,3
13,6,916.13,3
11,2,314.69,3
3,17,3744.65,0
313,1,382.5,1
108,2,1135.04,3
1,26,8676.85,0
53,1,954.9,3
205,1,171.45,1
15,1,282.19,3
120,1,318.65,3
4,2,384.52,3
363,1,283.28000000000003,1
117,2,353.86,3
18,1,178.26,3
5,2,272.44,3
41,2,298.41,3
107,2,240.0,3
148,2,603.37,1
52,5,1253.36,3
208,1,63.440000000000005,1
139,2,562.9,3
2,3,310.64,3
127,2,317.62,3
108,4,763.64,3
42,4,2148.63,3
35,1,111.98,3
228,2,1065.35,1
241,1,246.04,1
58,1,187.83,3
130,3,1703.41,3
60,6,1652.58,3
22,1,153.92,3
26,7,1064.11,3
9,7,1419.73,3
32,3,944.41,3
4,2,525.24,3
308,1,550.8000000000001,1
8,9,1875.11,3
29,3,556.95,3
17,1,131.78,3
101,2,498.42,3
12,4,669.11,3
21,1,197.63,3
15,5,1135.63,3
361,1,250.04,1
11,19,8631.31,0
95,1,82.75,3
78,2,1384.85,3
139,3,644.3,3
31,1,2328.84,3
25,8,2527.92,3
2,38,6292.26,0
46,3,2600.34,3
100,3,1200.62,3
8,2,700.86,3
15,7,921.07,3
18,4,990.23,3
280,1,96.8,1
14,2,523.11,3
23,2,363.9,3
124,1,175.2,3
86,1,494.25,3
302,2,307.02,1
151,4,2027.87,1
17,8,6643.93,3
94,2,243.36,3
30,11,12353.29,0
157,3,781.36,1
355,1,193.64,1
46,1,160.57,3
15,4,537.74,3
4,15,2676.56,0
86,1,228.96,3
15,5,1159.52,3
179,1,110.75,1
8,4,1286.07,3
36,3,587.15,3
129,2,1740.0,3
51,1,1393.06,3
312,1,178.22,1
24,2,388.14,3
303,2,365.85,1
11,1,127.86,3
17,3,585.79,3
49,3,488.2,3
239,2,312.23,1
1,11,4481.18,3
13,8,4801.56,3
238,1,168.4,1
23,8,1912.67,3
73,4,446.18,3
17,3,423.89,3
41,8,1342.68,3
40,4,646.92,3
219,2,495.77,1
199,3,400.1,1
71,2,203.2,3
24,20,4100.92,0
11,1,404.66,3
9,29,20275.61,0
65,1,65.4,3
4,1,199.29,3
19,2,336.4,3
15,1,261.11,3
8,6,2686.42,3
20,2,784.11,3
78,4,1259.56,3
1,34,31833.68,0
164,2,508.8,1
307,2,457.91,1
219,1,203.87,1
39,8,7330.8,3
22,2,696.41,3
115,3,653.38,3
126,5,2129.96,3
5,13,2633.85,3
36,1,281.62,3
4,15,31906.82,0
1,3,1031.41,3
333,3,2200.42,1
163,1,32.65,1
185,2,771.85,1
16,5,1214.72,3
12,3,778.94,3
3,7,1258.06,3
44,2,778.0,3
80,1,507.84,3
30,7,6893.42,3
42,2,463.46,3
11,12,4226.57,3
50,3,598.83,3
16,6,1979.37,3
46,2,698.41,3
19,2,759.17,3
8,6,5037.26,3
72,1,100.8,3
1,28,17256.85,0
128,3,524.9200000000001,3
33,2,265.76,3
313,1,403.3,1
18,2,365.76,3
88,1,303.16,3
2,7,2373.82,3
2,2,216.3,3
254,1,388.4500000000001,1
157,3,186.42,1
37,6,2248.56,3
220,1,534.24,1
148,3,2940.04,3
177,2,120.9,1
40,2,541.53,3
2,7,2520.86,3
8,46,194550.79,2
1,7,1721.4,3
18,2,486.72,3
192,4,517.53,1
204,1,131.7,1
365,1,249.86,1
127,5,1737.7,3
15,1,316.5,3
43,2,657.3,3
94,6,622.4300000000001,3
23,3,757.46,3
60,2,675.69,3
16,5,1896.41,3
158,1,289.96000000000004,1
10,2,763.28,3
10,2,137.0,3
16,5,1870.97,3
45,5,1125.07,3
191,3,710.29,1
79,1,194.37,3
78,1,511.82,3
4,4,1255.59,3
65,3,414.04,3
261,1,396.87,1
59,2,376.64,3
1,7,2092.32,3
1,10,3558.87,3
248,1,374.57,1
8,2,497.56,3
359,1,271.05,1
76,1,272.22,3
290,1,622.88,1
17,3,1138.0,3
221,2,288.6,1
9,4,689.1,3
3,2,558.96,3
206,9,2997.03,1
162,2,1145.84,1
76,1,302.2,3
262,2,605.58,1
281,1,387.31,1
58,8,6115.14,3
25,1,308.48,3
3,31,91062.38,2
29,10,2924.99,3
72,1,513.2,3
128,1,208.65,3
31,4,639.02,3
15,5,768.08,3
309,1,153.94,1
17,6,1844.02,3
54,1,546.81,3
30,3,723.2099999999999,3
2,5,1070.71,3
11,4,652.74,3
361,1,145.0,1
360,1,422.7000000000001,1
5,4,1195.9,3
54,4,939.37,3
1,8,3628.5,3
1,10,2385.0,3
190,1,296.7,1
54,1,223.36,3
280,1,164.4,1
177,1,76.5,1
30,2,897.62,3
26,1,98.42,3
25,2,578.9,3
270,1,170.75,1
43,3,645.96,3
234,1,103.3,1
24,2,148.86,3
197,3,267.16,1
359,1,306.84,1
60,4,930.41,3
130,1,1487.6,3
1,5,1952.45,3
20,2,483.26,3
206,1,157.9,1
14,3,541.46,3
95,5,854.95,3
19,1,167.62,3
14,7,1122.38,3
24,3,454.01,3
8,2,901.21,3
7,8,4331.48,3
332,1,344.14,1
50,4,1498.51,3
71,4,226.75000000000003,3
29,3,380.6,3
243,1,185.65,1
8,19,3622.68,0
218,1,143.45999999999998,1
5,3,448.9,3
253,3,215.72,1
1,25,11045.04,0
236,1,175.27,1
7,2,1242.3,3
109,4,1133.07,3
100,3,1240.2,3
60,4,2404.17,3
2,3,1479.22,3
73,7,2225.9700000000003,3
4,5,3927.34,3
85,2,993.18,3
12,2,388.79,3
23,7,2827.93,3
214,1,2044.37,1
18,1,161.67000000000002,3
239,1,116.01,1
2,6,5102.97,3
78,1,394.72,3
217,2,309.36,1
33,2,193.42,3
41,5,1112.22,3
7,15,3984.22,0
53,6,2048.45,3
23,14,4559.150000000001,0
57,1,390.07,3
130,3,329.6,3
174,3,571.1999999999999,1
6,3,971.58,3
312,1,218.52,1
60,1,81.44,3
21,3,1379.9,3
33,1,527.0500000000001,3
15,2,843.48,3
18,4,2047.0,3
81,1,75.75,3
6,8,1814.12,3
170,2,503.6,1
2,3,528.33,3
31,4,1324.84,3
36,9,2361.9700000000003,3
19,1,285.56,3
31,2,547.0600000000001,3
276,1,108.5,1
87,1,621.66,3
120,2,712.29,3
373,1,101.55,1
1,11,2895.64,3
219,3,1008.39,1
65,1,133.06,3
61,4,1797.5,3
138,1,868.49,3
21,1,166.08,3
12,10,3945.0,3
25,12,4867.72,3
37,4,1207.56,3
277,1,117.55,1
11,7,2638.94,3
73,5,1674.69,3
26,2,595.42,3
17,12,2999.46,3
141,1,196.0,3
26,7,1802.91,3
19,2,604.64,3
4,2,728.16,3
66,5,2055.51,3
1,2,347.75,3
43,7,3406.7200000000003,3
228,1,205.7,1
16,4,1572.71,3
50,2,3178.17,3
2,6,1629.12,3
74,2,551.04,3
1,31,20374.28,0
4,6,1387.68,3
2,30,16363.23,0
264,1,298.11,1
53,2,1992.11,3
24,1,184.4,3
10,6,2474.33,3
44,1,239.41,3
17,7,3191.53,3
7,7,5739.46,3
30,15,4757.95,0
358,2,290.40000000000003,1
127,4,740.9399999999999,3
137,1,200.47,3
142,1,283.12,3
132,2,765.34,3
38,8,2285.71,3
236,1,338.95,1
261,1,154.95,1
17,4,2534.64,3
253,1,417.95,1
30,4,1824.37,3
35,3,798.74,3
169,2,885.19,1
3,9,1823.52,3
4,17,10504.49,0
185,2,152.4,1
188,2,267.08,1
170,1,137.45,1
11,2,385.1,3
45,1,522.91,3
321,1,153.0,1
201,1,326.4,1
23,11,5655.99,3
232,1,139.35,1
38,15,5396.04,0
26,4,1195.94,3
96,4,2424.04,3
127,6,3276.4000000000005,3
71,3,1033.0,3
16,11,3439.08,3
15,1,1060.25,3
4,3,2876.01,3
3,13,5298.4800000000005,3
79,4,1240.11,3
373,1,303.97,1
39,2,692.19,3
54,3,700.63,3
2,19,13110.02,0
9,3,377.44,3
9,2,168.24,3
19,4,1879.05,3
12,7,2791.35,3
113,2,355.11,3
4,6,2322.4,3
240,1,110.25,1
113,1,71.4,3
178,2,674.52,1
5,9,1797.57,3
359,1,80.64,1
1,5,1772.26,3
1,30,5605.29,0
19,8,3456.7000000000003,3
17,3,834.99,3
22,2,287.59,3
33,1,712.78,3
263,1,15.0,1
51,2,818.8199999999999,3
159,3,371.88,1
15,1,271.2,3
8,3,2273.1800000000003,3
13,10,3997.98,3
199,5,1143.27,1
57,2,245.81,3
11,2,182.77,3
97,4,1225.41,3
255,1,56.4,1
25,3,665.86,3
21,3,658.57,3
159,2,188.02,1
72,2,283.47,3
53,1,131.94,3
85,2,278.74,3
153,4,1865.19,1
74,2,1117.9,3
281,1,225.9,1
27,14,1965.55,3
30,1,106.1,3
25,1,323.04,3
180,2,350.39,1
40,4,697.9,3
22,3,780.43,3
22,10,3055.93,3
37,9,1199.01,3
82,3,1285.04,3
74,1,512.31,3
11,1,546.04,3
16,12,5411.91,3
4,39,7837.73,0
13,4,732.16,3
14,5,1770.88,3
37,4,36.56,3
4,3,387.68,3
72,7,3704.87,3
51,1,298.4,3
5,5,1995.46,3
23,4,1820.09,3
299,1,889.24,1
2,3,398.7,3
33,1,35.400000000000006,3
50,1,155.37,3
3,3,350.64,3
47,1,110.21,3
42,8,1593.38,3
27,5,2779.3,3
42,1,338.8,3
2,124,40991.57,2
303,1,205.48,1
107,1,51.56,3
85,1,2033.1,3
81,9,901.2,3
218,4,605.8000000000001,1
372,34,5391.21,0
12,2,114.34,3
185,2,311.26,1
373,1,208.97,1
2,4,1418.03,3
4,23,26879.04,0
6,12,5155.66,3
305,1,148.21,1
369,1,252.8,1
3,8,2100.8,3
324,1,330.9,1
59,6,3160.0,3
13,3,597.5,3
31,20,10526.32,0
143,1,329.65,3
30,6,1197.1,3
107,5,428.18,3
2,12,1894.35,3
205,1,155.9,1
80,5,1859.16,3
185,6,683.46,1
170,1,237.61,1
44,1,379.45,3
174,1,178.51999999999998,1
365,1,458.92,1
304,1,133.35000000000002,1
3,4,671.77,3
4,4,717.45,3
12,1,190.19,3
32,3,899.61,3
129,1,111.35,3
21,8,726.05,3
212,2,203.87,1
323,2,602.09,1
162,1,203.86,1
56,3,244.1,3
225,1,112.25,1
72,8,1119.81,3
44,1,98.0,3
23,1,256.32,3
173,3,566.6,1
85,2,152.06,3
159,1,155.8,1
190,2,112.2,1
29,1,110.38,3
21,1,191.67,3
71,4,800.24,3
247,1,72.9,1
374,1,243.28,1
9,1,366.23,3
310,5,311.01,1
59,2,411.6,3
4,1,336.43,3
45,3,341.28,3
88,1,1304.04,3
4,17,4204.1,0
64,4,826.52,3
282,1,207.50000000000003,1
12,7,2962.5,3
373,1,244.08,1
133,2,397.29,3
45,2,212.54,3
11,4,843.0,3
36,5,1740.48,3
134,2,408.36,3
29,3,1331.57,3
52,2,704.25,3
138,2,145.79,3
5,1,389.84,3
9,7,4301.22,3
160,1,99.14,1
49,10,4106.4400000000005,3
131,1,304.56,3
8,1,77.50000000000001,3
233,2,149.57999999999998,1
37,1,176.68,3
147,1,358.56000000000006,1
1,45,58510.48,0
72,3,482.2,3
40,3,1008.54,3
5,12,2332.72,3
199,4,557.3,1
249,1,12.75,1
66,1,111.68,3
117,1,508.4599999999999,3
171,1,73.78,1
21,39,1296.44,0
142,1,102.83,3
32,2,471.7,3
38,14,2622.57,3
38,5,1098.43,3
372,1,123.07,1
374,1,277.35,1
166,2,228.2,1
211,1,582.59,1
242,1,136.04,1
52,1,337.04,3
25,3,740.79,3
15,13,4488.81,3
372,1,353.19,1
29,1,288.14,3
365,1,300.92,1
36,4,757.71,3
166,3,811.45,1
145,1,152.68,1
22,1,634.95,3
56,1,20.8,3
185,1,198.57,1
12,7,201.12,3
237,3,630.84,1
225,2,93.35,1
122,4,678.49,3
282,1,76.1,1
74,8,1970.67,3
37,2,382.06,3
12,2,417.23,3
362,1,169.47,1
4,2,249.72,3
23,1,444.68,3
70,9,2116.19,3
235,1,257.34,1
257,1,174.8,1
373,1,102.79,1
155,2,187.29,1
28,1,166.42,3
4,1,120.03,3
32,5,1483.56,3
81,3,523.0,3
108,2,122.14,3
52,1,38.45,3
36,1,668.11,3
153,2,389.78,1
99,1,115.31,3
4,2,230.65,3
334,1,73.5,1
65,1,97.97,3
22,2,422.88,3
36,3,730.4,3
32,3,405.62,3
154,6,70.02,1
19,2,357.20000000000005,3
12,21,4183.39,0
54,1,165.04999999999998,3
25,3,559.51,3
4,10,2088.6,3
45,1,189.4,3
203,2,172.29000000000002,1
359,1,74.4,1
71,1,300.02,3
7,10,6784.1900000000005,3
288,1,363.65,1
10,1,170.16,3
23,3,306.46,3
22,10,2119.41,3
173,3,720.52,1
133,2,814.0,3
6,14,2392.83,3
75,1,318.0,3
40,1,396.33,3
289,1,101.7,1
26,5,2036.67,3
258,2,453.0,1
186,1,247.44,1
114,12,3877.52,3
374,1,489.6,1
23,10,2611.75,3
8,11,2633.01,3
217,2,336.13,1
45,4,3651.97,3
19,2,1231.5,3
36,3,343.45,3
26,1,703.37,3
16,1,90.48,3
330,2,689.95,1
274,1,101.34,1
98,2,4055.7199999999993,3
61,1,167.67000000000002,3
2,11,9068.26,3
93,4,2106.52,3
82,7,3017.3,3
313,2,580.0500000000001,1
12,3,911.15,3
8,6,2697.8,3
127,1,168.31,3
11,2,223.65,3
1,60,259657.3,2
37,1,754.64,3
38,1,113.48000000000002,3
330,1,430.7,1
254,1,271.0,1
2,26,8052.97,0
20,1,236.3,3
12,2,352.69,3
369,1,76.32000000000001,1
290,1,220.1,1
68,8,1418.03,3
26,1,320.72,3
11,26,5653.82,0
368,1,181.12,1
214,1,111.15,1
149,2,673.1,1
8,6,1826.21,3
24,2,589.4399999999999,3
30,4,1142.99,3
61,1,206.83,3
19,3,348.73,3
243,1,112.55,1
15,3,1059.39,3
212,1,931.5,1
29,5,681.9100000000001,3
63,3,784.33,3
295,1,152.65,1
18,6,8438.34,3
157,2,1019.52,1
117,2,1000.16,3
8,12,2888.75,3
13,4,2861.55,3
141,2,160.35000000000002,3
46,2,179.33999999999995,3
51,3,612.0799999999999,3
32,3,566.58,3
135,2,653.35,3
3,2,399.19,3
75,3,371.62,3
13,2,734.94,3
9,2,453.4,3
301,1,530.15,1
57,2,638.0600000000001,3
15,5,1618.69,3
37,1,399.65,3
177,1,302.46000000000004,1
23,3,1384.86,3
176,6,1169.94,1
61,1,202.65,3
33,3,980.31,3
59,5,1231.31,3
15,20,7561.68,0
87,4,2106.84,3
7,1,104.0,3
358,1,476.35,1
31,6,1341.42,3
129,4,1590.81,3
9,6,1793.17,3
5,6,1843.75,3
24,1,382.8,3
227,2,632.07,1
15,1,49.8,3
249,1,304.25,1
15,3,2001.04,3
78,2,1090.24,3
192,2,284.46000000000004,1
262,1,207.8,1
72,1,957.97,3
165,1,243.76,1
82,1,973.84,3
95,2,689.13,3
4,17,5425.56,0
106,1,163.8,3
200,3,1396.99,1
157,1,160.42000000000002,1
71,3,1993.7,3
36,2,517.36,3
29,1,139.10000000000002,3
2,6,2621.38,3
26,5,600.07,3
326,1,248.42,1
237,1,232.48,1
89,1,299.34000000000003,3
31,1,481.75,3
29,2,621.75,3
211,2,662.08,1
3,10,2069.77,3
227,1,305.28000000000003,1
22,5,1041.61,3
93,1,443.0,3
5,14,6484.54,0
264,1,158.95000000000002,1
3,12,5509.12,3
44,11,5228.05,3
218,1,93.75,1
57,2,779.9,3
12,20,7276.900000000001,0
9,7,2810.2000000000003,3
192,5,2083.27,1
82,4,592.97,3
326,1,440.0,1
72,3,1796.48,3
30,6,882.24,3
3,5,987.1,3
219,5,1561.61,1
46,1,422.58,3
10,17,2073.09,0
72,4,2232.49,3
7,7,2567.06,3
24,2,596.1,3
123,2,804.02,3
17,1,95.34,3
310,1,349.27,1
87,1,4314.72,3
51,2,526.67,3
89,1,103.3,3
39,8,2337.63,3
25,3,2338.6000000000004,3
173,6,2643.2000000000003,1
43,2,324.24,3
140,1,149.48,3
26,3,1213.16,3
72,2,801.51,3
134,1,25.5,3
366,1,168.6,1
38,2,283.15,3
3,6,3078.58,3
2,3,204.0,3
30,1,175.92,3
44,1,335.86,3
58,1,110.38,3
74,1,173.9,3
278,1,180.6,1
181,1,80.82,1
8,2,178.05,3
4,16,2094.88,0
43,3,1837.28,3
