Recency,Frequency,Monetary
61,5,1486.9
12,2,330.88
22,4,775.46
359,1,74.4
58,1,620.13
374,1,192.60000000000002
264,1,922.1
174,2,289.36
11,9,1421.29
78,2,1090.24
2,4,1542.14
24,6,3858.38
205,2,216.5
16,4,258.4
5,6,1843.75
50,4,1777.78
264,1,267.18
65,2,1025.44
30,1,168.12
114,3,1496.83
180,3,321.43
129,1,122.47
1,13,4206.39
46,1,1635.6599999999999
138,1,197.9
2,19,13110.02
89,5,2262.62
58,1,187.82999999999998
4,50,65039.62
78,4,819.2900000000001
182,3,39916.5
44,1,267.13
50,2,538.55
5,5,1257.68
59,4,2163.98
14,5,1770.8799999999999
30,6,882.24
81,1,4366.78
240,1,623.5
296,1,76.32000000000001
11,1,301.29
9,3,1333.68
258,2,453.0
362,1,122.7
71,4,800.24
57,2,225.85
183,1,161.38
16,3,2817.03
219,2,611.88
89,6,2995.72
199,1,135.93
110,4,1050.12
17,7,5178.96
8,4,1932.23
60,1,388.28
3,6,1098.48
18,2,251.70000000000002
135,3,1277.75
36,3,587.15
68,1,480.71
249,1,463.95
100,1,509.01
96,2,913.19
34,4,1056.44
372,1,754.87
77,3,680.02
32,3,405.62
46,2,698.41
2,7,2373.82
51,11,2538.3
144,1,90.0
197,1,271.85
213,1,311.3
95,5,854.95
9,7,1620.93
2,4,2291.19
219,1,134.7
33,2,2003.85
19,1,327.3
11,6,1981.92
2,4,1418.03
274,1,121.17000000000002
198,2,695.61
37,1,147.35
1,5,1952.45
8,1,77.50000000000001
64,2,272.07
214,1,2044.3700000000001
61,1,202.65
4,23,26879.04
13,4,2861.55
30,4,1142.99
8,22,26626.8
8,4,303.09
30,8,5891.61
38,1,615.14
191,2,617.05
40,4,697.9
5,7,2552.86
283,1,162.3
66,2,725.18
4,3,1937.25
41,3,895.13
52,7,2354.25
288,1,389.5
80,17,2847.6
248,1,305.78
9,37,16587.09
317,2,309.8
56,5,2806.9
11,4,1272.61
134,1,358.82
16,12,10384.93
31,5,747.78
284,1,79.2
13,6,912.0
90,2,724.76
271,1,126.7
21,4,1116.47
63,3,1175.22
59,1,96.12
19,5,859.27
40,8,3000.2
19,1,430.48
29,2,333.48
43,1,219.39000000000001
59,9,2332.15
4,1,336.43
159,1,155.8
32,1,151.04
1,3,815.77
34,2,409.1
36,3,730.4
31,1,188.14
262,1,200.16
10,9,4652.82
6,14,3110.96
291,1,560.47
17,6,3539.37
64,1,315.06
10,8,1667.97
88,7,2005.63
11,2,385.1
57,5,1520.58
183,3,740.95
29,5,1415.75
26,1,228.91
8,3,471.78000000000003
151,2,486.82000000000005
267,1,676.2
60,3,3222.3
9,1,353.27
57,1,1090.14
18,6,2102.09
142,4,1300.25
281,1,222.99
159,2,188.02
8,5,2357.6800000000003
10,3,1298.66
10,13,2279.9
17,5,1386.04
46,2,553.36
8,7,2283.63
14,4,692.85
55,4,537.0600000000001
18,6,1987.3
4,8,2495.87
73,1,144.2
219,2,610.59
33,2,398.84
15,3,2001.04
16,2,326.4
31,3,3166.4
23,5,2099.54
147,1,187.92000000000002
20,2,637.89
33,6,10815.43
40,2,541.53
214,2,354.12
74,7,861.89
52,7,2703.23
184,3,925.71
282,1,374.0
51,1,1035.45
49,4,1462.72
7,2,1242.3
11,1,546.04
17,2,430.57
23,3,1324.16
8,1,144.0
30,6,1456.96
60,3,555.89
14,7,1771.2
313,1,494.64
33,3,980.31
10,8,3212.84
274,1,268.58
57,5,1555.34
17,4,700.73
24,2,470.8
92,2,193.64
27,2,841.41
71,1,243.56
3,31,91062.38
199,4,516.36
17,5,1521.87
36,8,2506.04
296,1,1257.8700000000001
5,1,389.84
28,1,191.04
19,1,97.5
12,3,1122.53
239,1,139.05
19,1,686.05
372,1,89.14
4,5,3927.34
366,1,129.75
20,3,788.08
124,2,260.25
8,4,1131.56
29,5,2232.19
20,2,483.26
19,3,912.18
363,1,283.28000000000003
50,1,157.05
142,1,120.0
19,16,4812.42
10,5,2639.17
138,1,501.14
190,1,455.25
155,2,333.97
71,4,226.75000000000003
256,3,478.53000000000003
43,1,236.09
1,10,3641.32
25,2,215.07999999999998
12,6,1400.34
260,1,171.8
47,1,248.61
22,6,2218.62
330,1,225.89999999999998
4,6,1387.68
4,4,668.14
134,2,529.73
46,4,1054.67
3,6,3078.58
30,1,1013.01
157,2,1019.52
177,1,323.0
64,8,2938.91
65,1,369.34000000000003
107,5,428.18
113,1,288.18
60,3,620.04
40,3,544.18
26,6,2925.91
15,6,5955.71
15,5,1618.69
64,4,826.52
3,5,1429.24
3,1,124.2
31,7,2635.79
10,3,641.94
9,28,17654.54
3,13,5298.4800000000005
143,4,195.73999999999998
3,15,6924.110000000001
73,4,446.18
7,2,584.07
192,1,139.35
62,1,152.94
32,1,114.23
212,2,294.12
51,2,218.55
77,3,706.19
18,6,3794.52
71,2,1631.77
3,1,194.42
151,2,652.8
3,5,1651.03
26,5,600.07
117,2,688.86
21,2,1160.07
65,1,428.89
122,3,533.98
88,1,303.15999999999997
57,2,324.14
22,1,110.46
71,2,190.25
200,2,163.20000000000002
44,4,1531.6200000000001
72,8,1119.81
57,2,638.0600000000001
107,4,1431.93
23,4,1714.59
33,5,2888.55
170,2,503.59999999999997
152,2,735.66
374,1,313.49
52,3,2662.06
3,9,1823.52
243,1,476.49
52,1,1193.32
24,1,213.78
187,1,110.55000000000001
32,1,180.48
373,1,205.86
2,6,2621.38
276,1,122.53999999999999
337,1,104.76
3,9,5659.9800000000005
14,7,1122.38
3,8,10674.75
23,1,171.19
219,2,252.06
59,4,592.9
25,6,1331.39
14,2,2906.85
228,1,413.46
25,12,4867.72
24,1,160.19
10,3,3609.33
10,4,712.8000000000001
134,1,196.88
31,3,409.5
51,2,526.67
190,5,577.0600000000001
95,1,303.93
327,1,165.0
11,2,799.48
10,3,102.44999999999999
72,1,224.14
64,1,146.87
30,11,12353.29
117,2,2791.59
107,1,51.559999999999995
219,1,179.0
18,5,1159.11
70,1,341.36
136,2,752.6
57,7,790.86
95,2,713.3
318,1,157.02
34,4,1592.1200000000001
75,1,181.09
15,1,318.17
28,1,413.75
95,2,689.13
105,4,1887.2
54,1,342.63
3,10,5226.23
7,7,5739.46
133,2,814.0
51,2,1163.45
4,4,717.45
12,20,7276.900000000001
373,1,161.0
82,1,345.0
78,3,1214.41
115,2,1339.45
154,2,322.96
2,11,9068.26
31,5,1004.38
282,1,137.1
37,5,1219.4
1,30,5605.29
25,3,1782.09
90,1,1070.48
264,1,300.52
246,1,394.44
149,1,309.4
23,3,2811.43
288,1,296.25
157,1,642.02
43,7,1314.45
68,1,1064.28
57,2,779.9
173,1,192.85
280,1,96.8
35,3,657.8
10,11,2868.8
7,1,204.0
52,10,1215.82
23,11,4257.82
180,2,350.39
173,1,880.85
42,8,1593.38
44,2,1612.69
178,3,711.79
163,1,32.65
22,4,4027.36
3,18,3482.7400000000002
15,3,4216.2
35,4,945.58
106,3,749.78
18,5,1422.52
302,2,934.52
7,14,4954.84
313,1,112.75
31,6,2548.2400000000002
2,9,3507.71
57,1,243.84
262,1,327.25
37,5,949.12
33,5,2246.81
23,2,418.83
52,5,1253.3600000000001
52,1,124.88
281,2,218.06
18,14,3347.71
169,2,885.19
47,9,3786.2400000000002
94,3,234.6
26,4,1358.88
265,1,211.5
109,3,1405.78
11,5,601.98
1,17,3292.14
9,3,377.44
2,20,13689.67
176,2,147.20000000000002
9,8,1661.8400000000001
41,5,1112.22
2,30,19824.05
86,1,679.68
17,8,5905.64
150,2,159.85
246,3,407.5
29,3,280.53999999999996
5,12,2332.72
70,2,1118.99
42,9,3432.8
234,1,103.3
1,20,8338.49
232,1,180.1
61,1,499.32
190,2,873.74
52,1,125.79
2,2,1168.06
359,1,80.64
270,3,855.02
8,3,837.5
184,2,251.21
7,2,2199.31
255,1,277.07
59,1,153.12
68,2,570.13
18,4,701.4
143,2,982.5699999999999
5,4,781.78
51,1,443.6
259,2,590.0
50,1,56.160000000000004
25,1,948.48
65,3,1117.13
319,1,91.80000000000001
297,4,576.9000000000001
139,1,361.21999999999997
95,2,1156.36
107,2,240.0
317,1,249.0
9,9,3546.71
30,1,112.4
33,5,1575.16
302,1,302.7
40,1,678.01
18,2,304.47
138,1,147.12
90,2,584.5
372,1,311.25
9,7,2810.2000000000003
76,3,1080.76
8,11,2633.0099999999998
265,2,299.6
3,5,1736.4
2,30,16363.23
88,1,309.05
19,6,761.59
286,1,67.23
1,4,1106.53
8,6,2686.42
100,11,3070.42
50,2,1212.8400000000001
10,55,117379.63
7,32,9743.11
65,1,92.46
49,3,488.2
5,3,448.90000000000003
266,1,118.75
97,3,1149.02
270,1,140.54
28,6,2863.08
26,5,1236.28
143,1,451.42
3,6,2424.94
71,1,238.25
73,3,789.89
114,2,932.97
5,8,2099.64
21,2,1299.23
337,1,236.02
206,1,1384.25
40,5,2178.67
40,1,197.71
170,1,114.56
107,3,1314.45
1,21,5153.67
218,1,67.95
17,8,2552.21
53,6,3295.76
26,10,3350.96
122,2,327.7
21,39,1296.44
164,2,508.8
369,1,252.8
129,1,111.35
249,1,594.0
2,2,216.29999999999998
58,1,674.68
280,2,411.53
213,1,370.79999999999995
27,4,652.82
29,1,363.95
1,5,870.12
253,1,417.95
16,6,2780.66
127,1,233.22
66,1,406.53
25,1,718.08
223,1,383.45
37,1,176.68
57,9,2580.91
157,4,1078.96
65,3,1313.55
22,1,871.54
134,2,546.43
10,13,4745.69
29,1,126.14
78,1,394.72
29,3,957.59
253,1,226.85
239,2,416.86
172,1,492.36
17,3,292.0
186,1,247.44
47,4,3742.2
16,4,1572.71
4,4,2157.4
312,1,178.22
202,1,257.7
36,3,841.0799999999999
31,2,629.31
10,4,2183.54
36,1,208.46
177,1,810.6000000000001
84,1,412.01000000000005
262,1,215.05
16,28,7277.7
303,2,365.85
60,4,1471.0
249,1,304.25
29,10,1715.46
17,5,2012.17
50,2,457.72
213,2,977.77
7,1,104.0
263,1,114.56
180,1,376.58
1,33,25977.16
26,3,1213.1599999999999
276,8,7832.47
218,2,3251.071
45,2,1186.35
21,3,1379.9
334,3,876.0
197,3,267.16
20,3,1314.68
246,2,306.55
73,6,1770.34
170,1,137.45
45,5,5203.51
61,4,532.96
10,1,329.85
156,1,39.239999999999995
331,1,201.19
310,1,558.32
189,1,319.02
45,1,522.91
151,2,1506.1200000000001
17,8,2484.98
2,1,196.89
130,1,4008.62
30,10,2760.56
4,1,248.08
40,2,1441.42
255,2,1078.96
3,3,684.41
71,3,1521.76
12,18,5655.91
34,2,2225.37
4,10,2088.6
28,4,1093.68
74,2,1117.9
73,4,891.12
25,5,1426.16
1,10,1883.8100000000002
88,4,933.7
26,7,918.2
287,1,264.7
2,26,13027.45
11,2,223.65
43,7,3406.7200000000003
255,2,777.02
15,7,5493.46
54,1,723.38
166,2,433.74
17,4,2534.64
11,3,1079.6100000000001
79,4,1391.98
19,4,907.1
218,1,185.39999999999998
92,3,1255.0
1,45,58510.48
21,5,5005.46
177,1,683.17
71,4,987.86
26,3,572.56
28,1,491.86
158,1,487.02
17,10,5464.12
157,1,214.79999999999998
35,1,190.88
12,1,336.17
25,15,11528.48
64,7,1841.18
27,2,761.74
9,9,12669.98
288,1,116.19999999999999
94,1,64.0
65,4,3984.32
7,9,1750.92
120,3,1341.65
78,3,1122.41
19,2,214.65
85,1,508.8
10,5,1487.8
29,2,317.2
45,3,341.28
210,1,519.68
12,4,3807.15
157,3,351.67
99,1,305.28000000000003
6,1,486.22
109,2,530.18
16,6,1418.32
57,2,721.94
367,1,112.6
17,6,1844.02
16,8,1528.09
54,2,292.71999999999997
122,1,356.0
185,4,518.67
1,2,347.75
92,6,934.62
15,4,554.65
236,4,932.85
25,3,740.79
44,2,371.7
8,10,3692.28
290,1,574.02
4,7,3902.28
247,1,415.7
34,7,1603.46
23,4,2709.12
50,3,731.9
57,4,1877.59
25,3,2338.6000000000004
136,1,259.01
47,2,1161.5
72,1,2062.06
26,6,1827.8
37,2,332.64
109,5,2298.97
290,1,220.1
307,1,142.4
84,1,410.48
72,1,513.2
49,1,154.88
71,2,948.88
37,6,1869.82
10,4,896.66
19,8,3456.7000000000003
337,1,2169.39
91,2,307.48
32,13,6688.46
1,201,143825.06
42,2,372.8
50,2,3178.17
10,4,1328.55
38,2,283.15
254,1,388.45000000000005
78,2,415.8
104,5,1375.71
299,1,436.18
12,21,4552.14
47,3,380.02
95,1,82.75
66,2,714.42
233,1,267.03
22,1,460.89
60,7,747.44
39,1,656.25
11,7,2474.23
9,4,3090.7400000000002
9,8,4485.72
18,2,486.71999999999997
92,5,716.2
122,4,678.49
22,2,276.42
60,3,709.38
29,5,681.9100000000001
174,1,177.34
32,5,1483.56
135,6,1957.1000000000001
31,6,2054.36
76,3,884.14
67,2,654.6
2,32,4124.69
5,18,7943.22
70,1,310.62
19,4,791.33
197,1,3096.0
20,1,255.4
58,1,1002.3100000000001
28,3,1132.03
370,2,155.43
107,5,1801.14
65,1,391.98
45,2,1887.96
60,3,84.65
323,1,229.46999999999997
61,2,484.32
8,5,1041.48
53,1,954.9
36,4,247.95999999999998
113,1,138.98
36,2,658.64
19,11,1789.77
120,2,605.63
18,1,340.11
8,2,2007.44
32,1,428.89
5,9,3062.4
78,1,259.17
125,1,375.1
30,3,723.2099999999999
149,1,305.02
297,1,89.2
65,1,332.3
99,3,1019.76
58,3,1011.9
74,8,1970.6699999999998
5,10,5417.93
368,1,181.12
23,3,1073.3
18,6,1720.3
1,9,2085.08
264,1,320.62
4,6,813.52
206,2,412.78000000000003
9,25,8109.5199999999995
261,1,456.9
45,4,3651.97
132,2,765.34
4,1,680.99
10,6,3401.2400000000002
23,2,484.82
361,1,102.0
9,4,689.1
87,2,758.92
26,1,98.42
153,4,1865.19
254,2,383.34
31,4,1324.84
3,4,1388.81
48,4,1701.94
36,5,2222.56
33,1,35.400000000000006
129,1,168.0
122,4,1688.29
221,2,288.6
4,10,2000.86
38,2,836.06
51,3,612.0799999999999
144,6,1603.99
2,7,3236.91
22,2,422.88
4,4,1293.03
302,7,781.02
215,1,90.6
15,1,191.32
43,9,3709.56
85,4,997.63
2,6,5102.97
294,1,34.0
66,2,574.07
1,41,16225.39
22,2,3415.3
15,15,9736.52
58,2,337.34
127,2,730.86
86,4,559.41
14,6,3844.22
78,2,483.4
11,6,1058.06
11,1,404.66
13,9,1920.59
269,1,138.28
1,11,2895.64
50,8,1980.56
33,6,4541.72
70,4,2233.75
4,2,303.75
234,2,2040.1
7,5,1244.83
157,2,446.87
49,4,1905.45
45,5,1125.07
10,3,1043.41
25,3,682.9100000000001
325,1,63.0
218,2,188.60999999999999
48,1,490.52
7,3,1904.05
96,5,948.25
36,6,3563.85
28,6,1035.8
10,8,1212.05
79,1,317.76
31,20,10526.32
46,1,547.66
81,1,358.0
17,3,363.88
22,6,1372.8
38,2,429.84000000000003
16,2,250.15
17,1,164.23
72,1,248.61
2,8,2770.94
127,2,621.23
109,2,608.7900000000001
18,6,2068.15
362,1,179.1
234,1,150.3
220,1,534.24
267,4,354.09
166,3,811.45
68,2,853.39
31,2,703.36
85,1,655.75
125,2,465.68
64,1,221.06
17,3,887.11
358,2,322.08
94,2,826.88
117,1,640.14
23,1,405.71
331,1,250.0
28,9,2429.03
26,1,114.14
90,2,1689.18
61,1,215.83
33,5,2001.8
11,1,245.1
26,1,106.56
10,3,463.66
33,19,14758.220000000001
16,1,604.75
139,3,644.3
40,2,519.61
312,1,219.52
38,21,7239.92
2,10,1908.25
3,8,1508.76
174,2,404.3
42,4,2148.63
57,2,867.11
46,1,498.74
22,2,293.1
21,3,658.57
1,31,20374.28
84,8,3450.84
5,2,640.83
316,1,1308.48
50,11,3447.4
36,10,7121.95
145,1,417.38
31,7,1488.67
10,4,1678.1200000000001
59,2,376.64
24,3,692.22
334,1,311.71
7,2,3192.54
47,1,731.5
4,9,1018.43
61,1,206.82999999999998
201,1,180.94
127,8,889.9300000000001
12,3,698.58
122,1,674.7
333,3,2200.42
16,5,918.1999999999999
311,1,154.41
226,1,112.32
149,1,1710.39
358,1,476.35
72,2,290.82
86,1,117.24
275,2,1489.5
43,16,10196.57
85,2,278.74
44,1,210.35
2,2,982.3800000000001
131,1,498.48
236,1,229.59
285,1,626.65
15,5,768.08
3,9,3827.76
267,1,1017.68
12,4,905.04
10,3,2614.7400000000002
93,1,91.32000000000001
43,1,290.65999999999997
51,2,123.8
54,1,151.83
221,1,134.8
23,3,536.99
47,3,734.94
4,16,2094.88
4,31,12288.22
40,1,149.31
74,3,136.0
6,8,808.62
7,5,787.6
24,4,650.43
1,5,525.54
10,1,160.18
5,22,8347.2
187,1,427.58
11,9,7044.68
76,1,302.2
23,2,184.19
216,3,1110.52
273,1,108.21000000000001
28,4,2593.07
16,1,90.47999999999999
33,1,377.01
128,3,982.42
2,5,1070.71
74,1,173.9
113,5,1220.26
46,2,1412.94
4,3,786.46
8,2,423.36
361,1,479.35
17,2,373.75
16,2,215.48
130,1,406.09
26,2,289.99
31,2,595.25
310,1,334.4
110,1,52.0
196,2,899.63
11,9,1546.91
126,3,1009.5500000000001
270,1,170.75
2,16,4777.18
50,2,294.4
207,1,357.98
12,2,380.35
192,5,2083.27
15,2,250.26000000000002
35,3,570.46
243,3,406.08000000000004
32,4,1765.51
66,1,108.38
100,7,1810.77
23,11,5655.99
45,2,212.54
55,1,1281.53
115,2,605.0600000000001
204,1,89.0
2,5,1250.76
25,3,345.46
72,5,2867.2
40,3,1575.89
36,9,2361.9700000000003
16,2,231.86
253,1,364.8
218,12,2247.51
2,3,1843.0
59,2,355.56
99,2,288.42
358,1,540.45
45,1,664.85
89,1,299.34000000000003
4,2,1053.49
9,2,725.7
3,6,3543.26
41,5,499.41999999999996
53,1,197.13
178,1,151.42
4,17,5425.56
213,1,85.0
198,2,707.69
372,1,155.35
28,7,2095.13
53,1,917.34
12,7,2791.35
32,2,714.96
140,4,2293.62
21,5,2810.63
8,4,1286.07
113,1,313.62
64,7,2494.46
320,1,200.10000000000002
33,7,2467.35
3,7,6463.84
323,1,94.36
35,1,194.88
309,1,475.37
257,1,400.53999999999996
58,5,770.1
262,1,207.79999999999998
46,3,4932.2
11,11,5756.89
354,1,216.76
244,1,110.97
17,6,1836.34
139,4,3006.15
84,2,777.53
92,2,1579.12
33,5,3964.88
150,1,311.92
113,3,339.44
15,5,614.66
61,1,117.88
117,2,1000.16
107,3,534.85
318,1,99.5
29,4,697.55
37,1,754.64
17,4,1063.9
30,1,91.68
61,9,2920.16
20,1,236.3
186,3,331.0
31,1,71.0
8,3,586.33
263,2,241.06
29,2,406.76
196,1,207.50000000000003
6,3,663.81
239,2,416.64
5,7,3102.43
26,1,703.37
23,3,1391.61
54,1,119.62
40,2,291.41
212,1,334.54
130,1,1487.6
123,4,3104.95
3,6,1018.71
2,2,493.28
89,1,771.91
50,1,240.55
225,1,314.22
12,7,201.12
267,1,914.9300000000001
74,1,104.35
90,1,378.64
150,1,179.17
185,2,154.82999999999998
21,2,230.22
86,3,631.34
131,1,304.56
50,2,272.04
37,3,864.86
247,1,206.21
107,6,2157.73
21,13,3219.77
23,14,4559.150000000001
175,2,340.93
4,6,2322.4
6,5,798.35
12,1,190.19
30,1,76.8
214,2,533.3
71,4,1268.98
71,1,451.44
135,1,254.82
1,28,28882.44
78,2,1013.04
143,1,599.68
4,4,2780.15
365,1,372.09
16,9,2478.95
165,1,339.3
3,25,5781.73
141,1,301.03
1,5,975.36
372,1,248.1
186,1,103.25
170,2,642.41
23,1,256.32
40,2,1851.08
78,1,511.82
320,1,206.98
292,1,603.42
64,1,256.38
4,33,14589.04
52,3,743.11
119,4,1108.65
271,1,296.88
47,7,3062.83
15,2,467.04
199,1,179.0
72,5,1931.42
23,3,1129.14
142,1,102.83
19,1,118.98
368,1,123.24
22,5,1717.36
277,1,117.55
247,3,1058.6200000000001
20,5,1197.81
120,1,15.0
11,2,382.14
134,3,1390.5
31,7,4151.93
2,25,5870.08
52,2,704.25
39,7,3442.15
133,1,76.5
19,8,2758.26
5,26,10845.550000000001
14,4,606.13
105,1,748.87
14,2,523.11
46,4,654.67
366,1,63.0
64,1,145.35
22,15,8625.8
66,1,449.12
4,10,1960.72
10,2,300.83
75,2,1000.39
20,6,4147.96
7,2,379.83
128,6,3344.64
75,5,1759.5
40,3,1233.3600000000001
88,1,1267.32
60,4,2404.17
32,1,223.88
93,1,443.0
28,7,2609.1
78,1,122.75
189,1,349.1
81,2,490.86
36,1,528.08
78,1,118.80000000000001
64,2,656.6800000000001
3,19,4521.49
1,3,640.76
2,3,1479.22
31,2,502.8
1,1,227.39
136,3,1269.84
37,2,804.49
75,1,400.68100000000004
59,4,950.36
134,1,520.8000000000001
190,2,542.03
169,2,623.16
315,2,1628.12
128,1,208.65
183,1,72.0
12,10,3174.32
162,1,300.04
99,3,1119.74
116,1,1706.88
166,1,131.45000000000002
295,1,307.4
162,2,1145.84
112,1,135.95
26,3,815.32
19,1,43.2
15,5,1041.68
12,2,302.1
10,2,1237.8500000000001
44,1,575.41
183,1,506.19
72,3,465.55
72,2,518.28
12,2,461.19
1,5,1788.3600000000001
16,2,979.12
101,2,1317.62
374,1,277.35
6,4,605.06
304,1,314.1
3,5,987.1
192,2,284.46000000000004
241,1,313.8
71,3,498.95
68,8,1418.03
31,1,2328.84
33,1,134.46
12,1,442.85
65,1,133.06
94,1,353.48
327,2,599.97
25,2,578.9
20,17,13400.24
42,3,539.0
82,4,1320.56
284,1,133.25
33,1,152.2
65,1,65.4
3,9,1604.75
175,4,1564.56
18,4,990.23
156,2,121.0
17,4,1614.91
94,4,1037.59
26,3,974.52
53,6,2048.45
1,13,5900.28
33,4,1187.66
8,1,80.8
71,1,283.55
127,6,3276.4000000000005
6,2,632.0
79,4,1240.11
21,1,191.67
4,9,2338.15
156,11,2596.45
8,2,1898.52
25,3,559.51
357,1,316.58
223,2,217.9
33,2,148.44
227,1,358.38
2,5,2879.7000000000003
197,1,559.87
117,1,213.85
36,5,1315.83
237,1,232.48000000000002
115,3,817.86
9,7,4301.22
37,6,2248.56
5,6,400.86
87,1,621.66
96,2,318.76
373,1,487.75
8,2,955.24
367,1,307.82000000000005
10,2,763.28
297,1,142.4
318,1,846.72
113,1,71.4
18,3,6748.8
2,6,1629.12
24,2,281.85
18,4,834.12
206,1,389.01
52,5,1627.13
170,1,142.5
373,1,101.55
96,2,572.2
33,1,354.09000000000003
71,1,216.85
33,13,5045.61
8,8,2618.23
247,1,228.84
74,4,4149.28
29,3,917.07
331,1,155.17
9,9,3122.04
13,3,597.5
301,2,186.39000000000001
20,6,822.23
94,2,243.36
284,1,176.5
59,2,255.9
36,1,281.62
10,12,10464.85
15,1,316.5
365,1,300.91999999999996
26,7,1802.91
25,3,331.0
4,2,384.52
12,21,4183.39
207,1,463.38
362,1,418.92
89,3,1171.8
60,2,675.69
4,2,353.65
6,3,971.58
213,1,426.6
260,1,409.57
19,1,52.199999999999996
61,1,169.79
85,1,334.53
52,3,1531.44
114,1,312.14
243,1,239.49
78,3,1560.38
4,16,3754.27
8,2,221.27
214,1,109.13000000000001
26,10,2265.12
374,1,233.45
26,1,164.34
10,17,2073.09
24,3,1374.8700000000001
61,2,637.5
39,2,578.9399999999999
20,3,1501.38
9,2,399.51
238,1,168.4
18,6,8438.34
31,3,1247.5
43,7,4582.64
51,4,559.97
311,1,289.24
373,1,350.06
23,6,1101.97
10,11,5010.28
243,1,112.55000000000001
30,1,101.69999999999999
25,2,550.06
18,2,186.23
87,1,112.07999999999998
44,2,778.0
99,1,115.31
310,2,426.79
208,1,63.440000000000005
43,5,2306.52
37,3,646.3
40,1,243.94
12,4,1078.23
36,2,609.85
4,7,2078.95
31,15,2504.13
4,18,5074.77
24,2,576.26
234,1,157.2
117,1,193.75
8,2,700.86
30,7,6893.42
246,1,310.05
23,5,732.0699999999999
16,5,1214.72
257,2,623.4
183,3,270.79
138,2,494.08
299,1,321.05
41,2,298.41
50,3,598.83
25,5,2121.27
248,1,374.57
11,4,745.06
199,5,1143.27
5,2,247.15
71,5,477.83
35,1,328.15
357,1,158.16
11,2,314.69
53,1,417.59999999999997
173,1,170.04
87,4,2445.91
19,17,7700.2300000000005
6,14,2392.83
31,8,4167.22
204,1,131.7
185,1,198.57
78,1,773.03
360,1,201.20000000000002
3,10,2234.73
326,1,155.93
40,3,1111.79
240,1,185.04999999999998
113,1,668.58
11,1,213.96
269,1,283.73
333,1,252.42000000000002
50,1,137.37
17,1,131.78
36,2,2409.9
260,1,40.5
42,3,837.1
51,1,502.09
297,1,363.7
6,3,430.15000000000003
3,13,5180.52
1,11,3849.78
82,7,3017.3
82,4,579.77
19,4,870.09
1,57,37153.85
64,8,1942.45
195,3,1578.67
334,1,332.41
372,1,39.75
31,6,3518.03
19,2,690.34
106,1,231.10000000000002
64,5,3099.7200000000003
212,1,612.78
56,3,244.1
96,6,3228.84
26,4,1195.94
52,4,813.48
78,1,137.75
31,3,519.44
79,2,254.18
33,2,659.4100000000001
127,2,317.62
41,7,3364.2400000000002
51,3,330.03
317,1,1693.88
8,8,2702.4900000000002
26,5,2976.15
177,1,46.95
9,4,1437.85
235,2,304.25
15,2,843.48
16,12,9585.91
188,2,52.0
65,1,91.85
137,1,87.4
24,3,454.01
71,1,300.02
4,28,66653.56
84,2,380.64
98,3,529.62
57,2,1530.3600000000001
283,1,317.15
109,4,1659.75
278,1,328.8
245,1,104.9
15,1,93.78
93,1,416.90000000000003
32,15,6911.4400000000005
172,2,1038.46
52,1,38.45
2,2,497.43
162,1,345.29999999999995
95,6,3100.09
4,13,6328.05
158,1,101.10000000000001
97,1,135.18
44,1,449.45
9,3,553.44
232,2,876.42
96,4,2424.04
312,1,218.52
22,4,1226.89
22,1,161.2
85,3,1100.9
3,15,7281.38
5,5,1028.0
10,3,1197.42
255,1,283.71
20,11,4693.01
104,1,162.29
23,8,1912.67
29,5,1428.02
72,2,283.47
114,1,453.01
284,1,109.95
13,4,732.16
7,4,452.24
235,3,44534.3
16,12,11054.96
59,6,1223.9
198,1,188.89000000000001
75,3,371.62
47,1,110.21000000000001
3,5,1044.3799999999999
39,1,460.40000000000003
52,1,216.39
67,2,381.2
63,2,467.66
22,2,490.22
18,4,848.22
185,1,298.89
179,1,58.08
62,1,302.36
2,8,954.42
10,3,996.26
3,9,3649.1
121,2,1021.58
43,7,1280.85
26,3,948.05
4,4,1255.59
45,4,981.86
148,2,603.37
18,1,308.74
199,1,611.85
185,1,307.72
64,2,590.9300000000001
187,1,59.5
108,2,1135.04
216,1,141.85999999999999
288,1,127.86
214,2,596.85
199,3,400.1
9,2,168.24
205,1,155.9
225,2,93.35
61,1,360.16
23,12,4006.94
23,10,9401.28
50,2,1070.65
45,3,675.27
102,6,1049.37
73,4,1224.06
2,17,2004.98
92,2,437.6
236,1,406.48
176,1,305.75
1,4,862.81
45,8,2182.28
60,3,2128.42
234,1,409.40000000000003
45,2,638.05
22,3,651.8199999999999
3,7,3501.1
12,1,251.24
38,4,773.99
61,1,1780.59
41,8,977.21
211,1,101.4
1,5,1245.9
163,12,5719.82
262,2,605.58
46,1,160.57
12,3,911.15
87,2,1010.6
17,18,7375.79
268,1,71.4
22,2,696.41
93,4,2106.52
17,2,642.8
190,5,1024.1000000000001
69,3,843.05
52,3,810.5
68,3,2543.72
15,7,921.07
13,6,916.13
144,3,1749.02
82,2,1890.94
51,3,458.57
8,1,164.68
59,1,172.25
78,2,1384.85
26,2,68.84
40,1,427.93
66,3,689.4799999999999
143,2,356.7
15,1,738.96
366,1,308.28000000000003
47,3,1421.61
16,14,16569.5
262,1,237.07
373,1,115.65
147,3,499.68
2,3,616.79
5,5,1845.31
58,4,6372.58
32,2,471.7
23,2,661.3199999999999
20,2,470.76
218,1,93.75
10,2,1270.88
57,1,640.5
14,21,6509.1
8,9,1297.8700000000001
1,24,6424.09
54,4,1420.2
29,1,373.24
237,3,630.84
202,1,306.13
7,1,174.37
21,1,166.08
72,1,379.14
15,3,1059.39
45,2,693.32
19,3,348.73
199,1,327.97
39,2,692.19
38,1,113.48000000000002
15,2,500.42
10,4,420.29999999999995
25,1,742.9300000000001
4,8,1510.06
5,2,644.95
228,1,205.7
26,7,2314.32
319,1,417.69
141,1,196.0
19,2,213.27
7,8,4331.48
11,7,3980.7
246,2,433.53000000000003
96,5,3723.87
59,8,1461.65
291,2,787.15
19,5,1163.23
217,2,336.13
240,2,178.96
218,1,76.32000000000001
227,1,305.28000000000003
3,4,2479.16
15,10,3738.4
186,1,394.14
80,2,701.23
22,6,2812.34
29,3,1499.01
3,55,8508.82
233,1,73.5
4,5,4090.88
27,6,2043.7199999999998
58,6,2836.69
25,1,161.64
80,1,768.24
27,2,397.35
60,11,8099.49
239,1,1266.23
17,4,845.64
254,1,271.0
24,3,607.53
2,3,775.94
50,1,463.8
28,9,2709.7000000000003
5,19,6140.42
36,1,668.11
10,7,5126.76
8,3,789.79
253,1,257.23
169,1,158.85
152,5,1004.75
29,3,1331.57
46,1,130.73999999999998
73,4,684.4200000000001
17,13,8968.31
17,12,2999.46
8,16,3362.71
3,7,1319.91
32,4,1735.18
36,2,517.36
3,2,606.91
71,3,1858.96
140,1,149.48
3,3,758.29
38,1,576.0
239,1,328.15999999999997
280,1,164.4
291,1,53.5
8,2,178.05
116,1,234.17
211,1,635.66
361,1,250.04
107,2,425.0
39,8,2337.63
254,1,125.65
64,5,2100.6
137,5,712.24
75,4,322.41
126,9,3613.63
13,9,1485.54
32,6,1445.01
29,3,1567.48
71,3,1033.0
1,4,1260.86
16,7,1099.98
39,2,206.34
5,5,2463.17
369,1,76.32000000000001
277,1,162.7
8,4,1366.38
3,5,1191.13
361,1,365.27
5,5,2578.09
33,2,330.45
1,11,3989.57
10,6,2255.51
282,2,110.38000000000001
30,2,372.21999999999997
13,3,974.04
16,5,1870.97
31,7,1519.08
3,17,3744.65
31,2,597.91
88,2,4481.35
23,6,1303.52
64,2,712.88
240,1,110.25
367,1,48.800000000000004
32,3,2235.3
23,2,363.9
85,2,152.06
24,5,1003.06
19,4,3811.22
82,3,3536.82
22,2,618.09
196,3,455.88
4,2,716.57
27,5,2779.3
73,1,305.54
50,1,331.95
1,4,3722.42
69,2,482.01
24,2,571.6700000000001
80,2,226.35
38,1,43.5
17,2,867.85
15,4,1022.13
357,1,190.55
75,1,348.99
12,10,3945.0
63,2,395.8
288,1,741.26
4,17,4204.1
6,5,1747.66
1,24,12245.960000000001
73,4,4393.63
13,8,4801.56
18,4,501.12
22,4,992.71
10,11,2462.79
52,1,202.68
216,1,354.8
19,15,6923.13
6,4,691.73
25,4,1971.87
153,2,389.78
111,1,1432.0
11,5,2674.48
3,7,1474.72
11,1,527.2
9,2,708.22
130,1,919.61
132,3,2375.41
93,2,128.5
45,5,623.93
18,1,322.08
52,2,924.6
2,3,204.0
234,1,101.19
25,8,3408.48
162,3,845.55
22,3,950.26
86,3,897.76
1,8,1232.18
337,2,293.0
144,4,2726.77
58,3,801.76
53,1,240.68
12,4,800.59
65,1,90.6
1,4,1039.58
4,39,7837.7300000000005
106,1,353.86
2,18,21086.3
37,1,114.39
218,1,265.2
64,1,2626.3
20,1,107.6
45,3,95.85
9,9,2529.93
24,2,475.8
366,1,168.6
4,1,244.41
117,2,353.86
66,4,3386.71
51,2,2093.32
114,1,85.13000000000001
14,7,3408.06
4,1,120.03
73,5,2446.6
65,2,388.25
40,1,507.66
1,4,3594.31
74,2,534.24
3,2,421.52
74,2,605.12
10,3,6977.04
16,1,220.62
12,4,615.39
299,1,889.24
123,3,709.71
192,1,457.34
3,97,58825.83
308,1,381.32
52,1,112.46000000000001
21,8,726.05
110,2,552.0
239,2,429.6
9,1,366.23
367,1,230.39999999999998
29,3,254.11
281,5,1079.34
12,4,2294.78
239,1,1143.6
1,13,4810.9400000000005
1,3,961.49
5,5,2483.63
106,1,725.6400000000001
266,1,344.90000000000003
9,2,1418.26
23,7,2915.15
59,2,384.81
4,3,387.68
206,1,157.9
217,3,562.41
320,1,155.0
44,3,3181.04
267,1,183.6
12,16,4805.17
74,1,152.20000000000002
33,4,971.76
20,1,225.36
60,1,200.14
22,2,852.15
77,1,505.18
94,6,622.4300000000001
15,10,1701.29
89,1,547.02
161,1,405.38
290,1,94.0
1,2,984.57
9,9,5447.0
32,10,3237.54
251,1,127.84
71,2,203.2
3,18,4447.05
26,11,5725.47
28,2,659.4599999999999
29,2,382.98
80,2,936.08
186,1,129.49
307,2,457.91
173,1,134.1
71,4,836.33
81,1,168.31
5,4,1417.29
11,4,464.57
171,1,73.78
274,1,282.93
18,9,1540.42
21,1,197.63
100,1,566.38
262,1,25.5
281,1,166.04
15,17,5836.86
113,1,371.56
39,2,775.1800000000001
326,1,146.85
24,21,124914.53
101,3,1264.19
29,5,981.65
15,2,628.78
9,2,375.35
214,1,92.72
1,25,11045.04
40,1,166.20000000000002
31,2,510.71000000000004
3,10,2837.67
85,5,3029.87
74,2,921.88
191,3,710.29
92,3,991.13
108,2,1465.3200000000002
11,1,213.3
202,2,1012.0
1,5,1772.26
38,4,2560.0
16,4,807.04
127,1,168.31
66,1,111.68
180,9,1653.42
12,7,1451.28
4,2,439.43
3,2,558.96
5,5,1026.42
2,7,2520.86
170,2,429.87
8,4,627.13
22,4,5568.35
238,2,514.15
76,1,769.29
75,1,318.0
1,34,31833.68
25,1,205.25
25,4,1580.93
23,10,5596.32
247,3,362.95
11,19,33643.08
84,1,13.3
106,1,284.55
51,1,1393.06
3,7,2832.84
24,4,2791.27
2,8,1661.44
22,2,486.69
145,2,747.81
25,4,2885.2400000000002
3,7,1258.06
1,7,1721.4
26,7,4036.82
43,3,645.96
69,2,348.6
72,5,373.65000000000003
47,1,278.3
22,3,825.8
8,4,4939.99
37,5,3089.97
9,14,8910.82
61,8,694.4000000000001
241,4,1047.11
138,2,145.79
54,4,939.37
235,1,257.34
67,1,890.85
317,1,452.84999999999997
130,1,477.91
16,6,1979.37
373,1,244.08
75,1,329.34
19,5,1447.39
2,2,1025.44
87,2,285.74
213,4,895.61
284,1,204.5
54,1,223.36
99,1,207.35999999999999
36,2,378.2
212,2,203.87
61,1,104.82
37,4,36.56
148,2,1063.46
16,4,1267.6499999999999
15,3,471.51
1,10,1222.71
79,1,322.8
24,1,195.25
50,4,913.6800000000001
51,12,5070.35
19,3,1095.56
60,2,786.54
66,1,140.34
321,1,163.0
18,3,1132.14
358,1,76.55
109,3,2372.86
288,3,702.0
264,8,3638.41
218,3,253.04
4,7,2043.95
113,2,612.06
37,3,483.65000000000003
12,1,507.08
30,1,147.59
44,4,990.88
52,3,3049.88
22,2,287.59
7,12,4165.52
15,6,306.71999999999997
68,4,661.52
274,2,109.8
64,2,826.74
71,1,134.95999999999998
7,15,2507.07
281,1,225.9
177,1,455.3
39,8,3627.77
4,15,12515.66
16,11,3439.08
85,2,806.14
333,1,234.0
177,1,302.46000000000004
75,1,349.7
2,14,5189.52
5,21,11349.52
2,8,2520.02
331,1,226.37
114,6,6912.0
17,51,34684.4
64,1,287.4
2,3,825.92
1,4,729.27
289,1,145.92
24,14,3198.25
60,1,1579.51
266,1,234.24
197,1,134.04
21,3,403.70000000000005
37,1,364.21999999999997
2,6,1838.8500000000001
226,1,160.95
201,2,300.95
18,5,2206.95
67,8,1756.44
72,3,1796.48
57,1,161.0
11,3,2740.43
33,10,6010.42
303,1,470.36
29,2,183.44
19,3,635.41
20,7,1567.69
335,1,114.0
35,3,1116.57
2,37,17220.36
24,4,781.28
54,1,546.81
204,1,59.8
236,2,854.99
17,1,95.34
232,1,184.64
269,1,1829.04
250,1,183.4
198,1,144.8
19,2,604.64
8,17,6580.44
52,2,1010.18
33,4,776.851
11,11,3349.57
2,12,1894.35
80,2,7829.89
16,7,1246.1000000000001
194,2,222.05
51,1,341.7
16,9,3641.24
209,1,112.8
3,4,671.77
277,1,197.0
18,6,1766.72
217,2,309.36
32,7,1469.45
221,1,446.62
40,4,1366.8600000000001
7,6,1133.25
2,11,3586.0299999999997
51,2,467.51
372,34,5391.21
16,4,784.46
28,5,1356.33
26,1,320.72
168,2,2242.01
29,3,380.6
5,6,7123.62
25,1,289.82
82,4,592.97
36,5,515.77
19,2,336.4
60,4,930.41
241,1,350.75
13,4,1119.49
30,3,981.18
201,1,860.12
104,8,1936.84
65,1,219.14
6,12,5155.66
19,8,2429.78
212,2,1522.75
56,1,3528.34
318,1,302.58
4,3,974.4200000000001
23,11,7792.36
60,2,662.59
7,5,2383.2400000000002
2,7,1388.37
39,1,325.91
241,1,246.04
372,1,353.19
65,1,312.98
24,3,4628.75
11,4,843.0
111,3,1474.06
261,3,514.85
18,8,2360.09
82,1,973.8399999999999
29,10,2924.9900000000002
2,5,809.7
123,2,597.48
94,2,922.39
22,10,2248.9900000000002
105,4,449.52
116,1,905.5
33,1,671.69
365,1,181.0
9,11,3799.4900000000002
176,6,1169.94
264,1,158.95000000000002
306,1,131.9
174,1,191.94
170,2,693.8100000000001
3,7,1341.6
205,2,1589.82
7,26,56252.72
29,4,771.17
1,8,2005.06
72,4,6617.65
5,21,4604.22
7,2,335.13
78,1,440.42
18,2,509.58
88,1,266.97
212,1,738.6
10,13,50491.81
211,2,1106.4
74,2,437.96
28,5,2502.84
4,15,2676.56
31,10,2766.5
65,2,583.75
263,1,200.29
7,19,17286.86
248,1,123.1
54,2,423.04
2,15,4654.08
33,2,1511.95
52,6,2984.49
302,2,307.02
10,4,869.46
81,3,523.0
53,3,173.74
64,1,122.7
19,1,167.62
57,1,279.94
9,2,1463.04
12,2,352.69
46,3,784.58
42,2,463.46000000000004
11,1,246.3
5,3,942.26
284,1,154.99
24,1,184.4
46,1,393.54
26,3,380.55
46,5,1804.56
85,5,2388.75
25,8,2527.92
134,1,425.32
158,2,473.81
23,4,825.42
23,1,444.68
30,2,897.62
64,1,6.2
79,3,11072.67
41,1,114.11
232,1,225.15
145,1,783.9
19,4,1879.05
44,1,306.45
99,5,2158.37
22,2,169.55
116,4,1641.76
80,3,908.46
156,1,361.11
17,2,192.60000000000002
8,9,4881.88
78,1,777.2
22,7,1244.59
333,1,153.9
5,4,1535.53
203,3,255.12
7,4,582.1
85,2,993.18
281,1,387.31
73,14,1836.0900000000001
17,3,834.99
32,1,603.75
37,1,399.65000000000003
212,3,816.73
233,1,454.24
247,1,175.2
37,1,151.05
170,1,180.35
28,1,345.82
34,1,125.58
219,3,1008.39
60,2,93.66
43,1,256.4
60,2,173.76
311,6,319.5
45,5,1096.32
11,5,1314.81
64,1,295.93
206,2,1573.2
45,3,573.22
53,1,396.97
1,24,4436.12
277,1,325.1
130,3,605.64
26,2,841.1999999999999
59,4,2612.86
218,1,208.36
60,2,894.4100000000001
312,1,177.5
171,1,190.53
43,6,2707.33
87,1,4314.72
18,2,992.5
198,3,211.77
303,1,238.85
12,5,909.23
27,3,1051.4
5,9,1797.57
24,3,564.62
227,1,160.54000000000002
243,1,390.54
4,6,1286.27
5,4,874.59
51,6,889.9300000000001
8,44,51527.3
39,4,574.84
232,1,1079.4
51,1,386.43
156,2,197.88
334,1,73.5
11,2,765.62
38,8,2285.71
173,3,566.6
16,7,2263.12
148,2,554.38
4,17,65164.79
67,2,3683.86
63,1,910.0
53,1,208.75
24,1,351.11
30,1,125.80000000000001
9,9,2993.1
263,1,517.55
30,1,429.84
46,1,656.63
7,5,1456.79
355,1,193.64
253,3,215.72
7,2,679.4399999999999
23,2,511.35
116,2,1610.15
52,7,21279.29
323,2,97.7
30,1,175.92
220,2,1693.45
66,1,373.94
52,1,110.8
96,2,682.41
11,2,653.33
20,4,1309.6
18,4,1446.09
242,1,183.85
79,3,598.2
26,5,2036.67
116,3,621.8299999999999
82,3,348.71000000000004
8,3,711.86
106,2,706.57
39,4,1871.81
6,2,511.12
8,7,2154.97
22,12,3722.82
19,1,285.56
9,2,317.53
3,1,172.06
1,28,17256.85
249,1,328.2
52,1,521.2
22,3,617.99
336,2,816.0
19,1,612.01
80,3,469.0
264,1,113.5
137,1,2007.3999999999999
64,1,439.56
100,3,1240.2
8,9,2352.53
19,1,371.2
11,2,457.5
61,3,3312.25
60,4,1662.28
214,6,632.27
51,2,618.27
2,30,18641.010000000002
120,2,712.29
9,5,4191.0
275,1,223.95000000000002
51,3,1006.98
309,1,118.0
25,1,440.0
25,1,323.04
4,12,2226.91
373,1,102.78999999999999
282,1,348.2
92,3,711.41
69,1,270.8
218,1,404.40000000000003
139,2,562.9
35,5,2062.7000000000003
25,11,2124.9900000000002
252,1,136.8
163,2,1760.96
99,1,89.06
188,2,267.08
157,1,197.22
2,12,4799.9
12,2,388.79
236,1,338.95
236,3,3010.74
94,2,982.07
207,1,369.2
23,1,30.0
313,1,572.8100000000001
302,3,1140.35
1,17,8022.49
197,3,1448.21
10,12,3901.81
114,12,3877.5200000000004
90,4,1649.5
157,3,734.13
137,1,200.47
11,6,2073.43
32,9,1867.68
17,7,3191.53
191,1,133.56
5,1,126.12
30,2,1873.2
6,4,1387.79
10,5,2874.72
323,2,602.09
106,2,641.13
178,4,702.25
14,4,1676.06
9,5,1624.05
165,2,636.51
69,1,213.5
11,14,6776.56
9,15,5213.7699999999995
1,4,1791.56
165,3,316.11
335,2,545.48
55,2,447.68
16,7,1139.73
57,2,813.11
365,1,203.1
31,2,823.97
338,1,119.3
41,12,3614.92
67,5,2095.53
8,6,5037.26
113,4,2207.4
205,2,468.77000000000004
53,2,1992.1100000000001
195,1,582.73
95,2,911.94
9,6,911.26
51,1,430.5
37,3,531.35
29,11,2575.38
253,1,58.49
75,3,1226.88
4,1,41.989999999999995
10,4,933.62
11,25,9241.2
8,5,3640.67
3,7,3119.44
10,10,1661.33
17,3,1352.0
12,6,853.72
60,6,1069.1200000000001
53,1,352.7
1,15,5346.2300000000005
4,2,230.64999999999998
1,7,1947.55
9,13,5398.3
81,1,228.06
47,1,211.88
24,1,291.88
128,3,524.9200000000001
25,3,1013.26
18,2,482.04999999999995
107,2,699.08
22,4,1475.02
30,5,3095.04
201,1,243.22
104,4,1370.6
102,1,125.92
44,2,348.1
53,5,2107.66
316,2,458.52
39,2,233.23000000000002
51,4,3545.69
19,1,163.07
2,22,10629.720000000001
88,1,96.6
22,3,1538.88
146,1,80.7
9,13,5076.55
44,1,379.45
3,19,2612.96
323,1,225.6
5,2,694.05
276,1,380.5
54,1,362.06
4,38,9817.12
5,25,4022.35
74,1,704.0400000000001
169,2,842.65
40,4,684.34
366,1,403.25
60,1,892.47
12,19,7247.61
4,5,725.07
21,12,1927.3200000000002
17,8,2619.91
11,1,1201.49
14,1,0.0
68,2,1378.4
204,2,657.35
151,2,1030.98
40,4,618.52
22,5,1197.27
15,13,4488.81
9,11,10484.99
30,6,1197.1000000000001
38,1,357.21
311,1,113.64
165,1,51.0
15,1,49.8
45,3,1337.48
282,1,207.50000000000003
60,3,2864.19
151,4,2027.8700000000001
161,2,100.97
11,1,279.05
197,2,1027.44
276,1,108.5
4,2,598.57
23,3,757.46
31,11,5580.6
241,1,101.8
184,3,475.28000000000003
72,1,158.04
71,1,743.53
31,2,276.56
31,4,761.38
23,3,1385.51
113,6,972.23
61,3,1055.35
8,6,1826.21
26,1,262.68
2,3,398.7
10,2,144.91000000000003
29,1,266.76
1,210,33719.73
16,2,1212.66
366,1,201.60000000000002
247,2,632.4
57,2,245.81
65,4,384.05
41,1,542.73
11,2,182.77
33,2,265.76
18,8,3711.77
58,4,501.56
3,27,13316.4
53,1,204.24
39,2,408.90000000000003
16,7,4892.240000000001
55,2,642.77
21,4,507.29
10,4,2381.04
151,3,2744.0299999999997
297,1,1784.71
22,5,504.8
3,1,314.44
13,7,1931.25
303,1,330.79
19,2,357.20000000000005
18,5,1880.22
234,1,113.5
17,11,4095.9
63,3,784.33
176,2,750.0
86,3,1493.73
257,1,609.95
200,2,1110.34
45,5,1706.57
107,1,156.51
186,3,710.28
72,3,1298.04
33,1,712.78
2,21,9418.470000000001
75,2,621.29
103,1,178.7
8,9,3965.62
145,2,385.64
19,1,170.32
4,12,2974.65
15,22,13787.54
55,3,383.68
79,1,964.83
192,1,324.92
10,2,780.59
33,1,527.0500000000001
53,5,3346.28
39,1,165.75
19,2,396.92
11,2,264.44
4,2,249.72
26,9,7956.46
257,2,346.6
39,4,1970.6
177,2,120.9
16,7,2064.95
19,2,759.17
38,15,5396.04
228,2,1065.3500000000001
40,8,2741.17
30,3,538.73
7,6,2050.08
155,1,63.75
35,1,111.97999999999999
62,1,292.32
233,2,149.57999999999998
10,13,2607.87
2,7,2160.7
1,26,8676.85
232,2,856.6
64,2,1272.48
68,2,830.76
8,9,4871.93
29,1,355.53
9,2,676.99
218,1,59.9
64,1,340.84
154,2,1705.8
53,1,161.94
24,2,148.86
61,2,422.64
243,1,560.67
91,2,589.15
160,1,99.14
31,1,537.0
26,1,139.56
157,3,186.42000000000002
129,1,275.88
106,1,138.14
73,7,2225.9700000000003
163,1,311.65
22,1,739.1999999999999
330,1,430.7
15,3,1339.41
81,3,323.69
152,1,232.6
364,1,272.82
55,1,427.07
24,3,478.78
3,14,5591.42
36,4,1319.19
262,1,329.56
85,1,842.5
47,2,144.0
264,1,298.11
1,7,13375.87
12,4,669.11
97,1,316.62
289,1,224.91
22,4,1502.35
38,3,662.38
4,15,7060.13
5,2,610.52
3,8,2465.48
10,1,170.16
157,2,597.09
23,10,2611.75
4,2,1080.6200000000001
36,3,343.45
45,6,2481.13
297,1,826.53
28,3,814.72
200,1,339.59999999999997
273,2,1145.6
8,7,3603.21
225,1,331.18
367,1,289.35
246,1,102.12
1,2,563.23
166,2,228.2
311,1,1063.0
369,1,623.75
313,1,403.3
53,9,2241.1
218,4,605.8000000000001
21,3,1509.58
11,5,1614.31
155,3,631.9
252,1,37.4
23,5,914.69
99,2,165.0
1,4,1712.89
29,3,556.95
16,5,1896.41
20,2,90.30000000000001
1,2,168472.5
9,4,2736.38
4,9,2161.35
100,2,425.19
128,2,180.85
319,2,328.35
4,7,1295.39
54,5,1647.26
16,2,537.48
66,3,1120.88
73,5,1544.13
4,23,6675.71
14,1,100.9
158,2,616.15
119,1,156.75
305,1,155.05
4,6,1852.0
29,1,473.65000000000003
104,4,618.09
52,3,650.51
54,1,165.04999999999998
39,2,437.82
59,9,3385.62
53,5,3610.96
8,20,11138.710000000001
197,2,588.85
33,1,6207.67
31,4,1066.1499999999999
4,12,5683.15
172,1,500.0
5,6,3512.53
365,1,414.88
219,5,1561.6100000000001
43,2,770.03
19,4,1094.59
27,8,2317.2200000000003
20,2,432.88
35,2,2949.75
8,46,194550.79
5,14,6484.54
246,1,484.95
7,7,2567.06
4,7,6989.63
39,63,81024.84
2,6,2225.91
274,1,101.34
88,6,1060.68
240,2,847.41
250,1,535.34
4,2,959.01
197,3,2139.76
135,4,657.9000000000001
108,4,763.64
112,1,139.26
4,48,54534.14
191,2,334.23
2,37,5704.97
8,4,2089.85
79,5,2300.56
143,1,329.65
38,14,2622.57
128,2,1516.0
310,5,311.01
336,1,135.9
165,1,163.29999999999998
18,8,2209.36
12,3,1261.78
72,1,957.97
78,4,1259.56
66,6,1459.8600000000001
17,3,822.48
61,3,357.77
33,5,2328.9700000000003
18,6,4597.02
89,1,305.62
195,3,1689.5
47,3,594.24
19,2,1231.5
17,1,138.6
37,4,5977.7300000000005
3,8,2953.59
46,1,492.84
74,1,145.67000000000002
278,1,180.60000000000002
8,4,1822.97
17,6,2883.1
55,2,319.61
297,1,173.05
53,1,893.59
59,5,1231.31
64,2,570.5
43,2,260.17
172,2,696.68
185,6,683.46
31,5,2114.33
114,1,4873.8099999999995
5,13,2633.85
11,3,797.96
267,1,177.15
138,1,868.49
30,1,20.8
29,4,6287.77
25,3,665.86
186,3,1046.57
10,23,10399.74
15,2,360.93
67,7,4507.01
15,13,4921.04
7,2,266.39
18,4,827.83
162,1,127.1
53,5,1800.07
15,5,1159.52
27,4,632.97
38,8,3981.36
29,2,325.96000000000004
331,1,1289.5
30,1,106.1
233,1,307.46
17,4,839.14
22,5,5112.96
93,3,379.35
16,8,3285.31
24,2,3718.8
38,10,3338.2200000000003
239,1,579.0
324,1,330.9
176,3,674.45
234,1,383.95
27,2,589.7
61,5,1835.7
319,1,483.86
9,3,1599.52
41,1,244.79999999999998
107,3,623.51
32,7,6572.11
8,21,5630.87
40,3,1008.5400000000001
12,6,855.97
11,9,2549.37
275,1,333.08
361,1,145.0
58,2,2218.02
191,4,1431.78
13,4,859.71
25,1,346.12
32,3,566.58
373,1,207.5
22,1,91.8
27,14,1965.55
45,1,121.18
8,6,2179.93
122,1,302.25
318,1,120.94999999999999
1,14,6479.4
64,1,174.37
171,3,1062.75
25,4,867.38
51,2,818.8199999999999
172,1,290.36
8,6,3347.31
32,2,789.0
291,2,641.38
96,1,205.3
90,1,252.73000000000002
74,3,657.8
16,13,7857.1
169,2,291.05
127,3,1009.6
17,4,5681.72
27,5,920.51
118,3,925.35
20,2,784.11
71,1,199.8
18,1,75.0
6,2,163.62
25,2,290.16
15,5,1135.63
4,4,1785.15
79,1,194.37
275,1,660.0
30,1,270.9
3,15,7616.53
68,4,1592.06
158,9,7374.900000000001
3,21,6363.59
22,10,3055.93
64,1,600.39
106,6,1905.8400000000001
22,3,780.43
268,1,62.85
8,2,319.0
67,3,705.12
21,1,228.99
261,1,251.21
304,1,118.95000000000002
50,2,363.34000000000003
54,1,384.08
38,6,6814.64
11,12,4226.57
87,5,1236.54
204,1,349.55
31,4,639.02
8,9,3957.78
243,1,309.52
297,1,122.39999999999999
46,3,546.1999999999999
278,1,217.2
25,1,484.38
16,2,468.26
288,1,1340.32
4,3,1936.07
1,2,1239.38
31,1,481.75
290,1,113.44
50,5,1824.23
10,4,1621.73
25,7,1949.72
75,1,296.42
16,3,656.69
12,11,28337.38
17,3,423.89
12,11,4139.46
173,3,720.52
206,9,2997.0299999999997
270,1,343.62
3,4,522.38
208,2,1303.9099999999999
134,1,707.09
7,22,2237.77
48,12,4339.74
30,2,1316.07
74,11,5232.2300000000005
319,1,106.83000000000001
312,5,501.39000000000004
217,1,90.12
77,3,1693.26
174,1,137.9
8,4,832.88
45,2,6.9
59,2,444.74
96,3,803.5600000000001
119,1,138.32
159,1,384.8
369,1,375.69000000000005
31,1,1764.72
261,1,396.87
8,6,2697.8
39,1,214.89999999999998
3,2,274.15000000000003
281,3,386.15
43,11,2380.85
29,7,1032.58
52,6,3506.54
66,2,1266.08
127,4,855.91
51,1,298.4
267,1,752.4300000000001
10,18,6717.34
366,1,590.0
74,1,1033.34
25,4,834.57
165,2,379.65
6,5,1052.55
49,4,1741.22
292,1,535.32
82,1,115.46000000000001
85,2,663.61
19,1,307.09
38,3,1247.69
282,1,76.1
18,1,216.9
20,1,219.0
5,5,2330.92
33,3,1048.49
57,5,3344.38
261,1,775.85
67,1,426.63
134,1,115.8
10,6,2474.33
88,1,1304.04
267,2,806.41
8,3,706.1300000000001
2,2,270.6
106,3,149.05
184,3,199.15
332,1,492.65000000000003
80,5,1859.16
198,2,296.75
268,1,142.5
4,3,2876.01
5,8,3766.6
239,2,312.23
26,2,1568.23
358,1,351.3
4,4,1194.73
16,5,1438.85
96,3,922.12
189,6,1000.27
355,1,290.51
1,10,2385.0
89,3,2398.86
15,1,125.22
4,20,17159.52
101,2,498.42
32,2,383.03
44,4,1443.69
3,1,3861.0
19,2,240.22
179,1,110.75
10,2,77.4
237,1,314.45
92,1,296.64
45,3,62.43
37,1,436.06
126,5,2129.96
29,2,646.68
8,19,3622.68
23,13,6403.25
26,1,155.24
24,2,596.1
369,1,343.28000000000003
267,2,901.2
79,1,48.480000000000004
10,11,1695.66
176,1,189.5
50,6,1068.82
3,4,1839.3
66,12,3740.07
201,2,218.25
55,2,913.54
43,5,2048.07
276,1,305.1
331,1,197.65
64,1,176.97
155,2,216.20999999999998
29,12,3707.12
19,2,1189.59
71,3,536.6800000000001
2,15,4690.31
71,3,459.24
154,6,70.02
29,7,2272.4
295,1,100.5
308,4,664.54
358,1,168.0
36,3,1311.3799999999999
269,2,944.1
27,1,116.00999999999999
40,1,316.88
134,1,244.8
79,5,2634.26
17,4,1945.33
97,4,1225.41
61,1,167.67000000000002
239,2,1345.62
274,2,262.62
227,1,201.19
1,1,360.0
17,4,746.83
1,8,3628.5
24,1,382.8
373,1,208.97
143,3,1121.59
32,4,1154.47
80,4,1351.63
3,12,3109.99
10,6,2420.84
85,1,2033.1
1,3,1093.65
266,1,141.41
17,1,199.48000000000002
187,2,160.71
16,7,5064.94
11,1,114.60000000000001
213,3,642.81
359,1,306.84
19,3,807.57
330,1,534.57
110,3,473.02
369,1,56.25
67,1,338.71000000000004
162,1,203.85999999999999
24,20,4100.92
24,4,996.1
80,1,549.84
29,2,621.75
72,3,668.4300000000001
257,1,88.2
14,4,1835.91
247,1,465.32
24,1,279.77
29,3,1071.99
256,2,1276.0
9,10,2588.77
265,1,172.9
120,1,252.1
372,1,15.0
64,8,11581.8
4,13,4051.48
61,1,557.62
290,1,622.88
23,17,5528.4800000000005
72,3,482.2
60,1,81.44
36,2,195.15
107,1,120.0
47,1,388.58
72,3,925.85
116,3,543.05
81,1,75.75
92,9,1105.07
75,4,924.85
367,1,87.5
22,1,209.49
29,1,110.38
53,4,1382.07
